commune,unite_commune
Tône 1,Tône 1
Tône 2,Tône 2
Tône 3,Tône 3
Tône 4,Tône 4
Cinkassé 1,Cinkassé 1
Cinkassé 2,Cinkassé 2
Kpendjal-Ouest 1,Kpendjal-Ouest 1
Kpendjal-Ouest 2,Kpendjal-Ouest 2
Kpendjal 1,Kpendjal 1
Kpendjal 2,Kpendjal 2
Oti-Sud 1,Oti-Sud 1
Oti-Sud 2,Oti-Sud 2
Oti 1,Oti 1
Oti 2,Oti 2
Tandjoaré 1,Tandjoaré 1
Tandjoaré 2,Tandjoaré 2
Kozah 1,Kozah 1
Kozah 2,Kozah 2
Kozah 3,Kozah 3
Kozah 4,Kozah 4
Assoli 1,Assoli 1
Assoli 2,Assoli 2
Assoli 3,Assoli 3
Bassar 1,Bassar 1
Bassar 2,Bassar 2
Bassar 3,Bassar 3
Bassar 4,Bassar 4
Dankpen 1,Dankpen 1
Dankpen 2,Dankpen 2
Dankpen 3,Dankpen 3
Kéran 1,Kéran 1
Kéran 2,Kéran 2
Kéran 3,Kéran 3
Doufelgou 1,Doufelgou 1
Doufelgou 2,Doufelgou 2
Doufelgou 3,Doufelgou 3
Binah 1,Binah 1
Binah 2,Binah 2
Tchaoudjo 1,Tchaoudjo 1
Tchaoudjo 2,Tchaoudjo 2
Tchaoudjo 3,Tchaoudjo 3
Tchaoudjo 4,Tchaoudjo 4
Tchamba 1,Tchamba 1
Tchamba 2,Tchamba 2
Tchamba 3,Tchamba 3
Blitta 1,Blitta 1
Blitta 2,Blitta 2
Blitta 3,Blitta 3
Sotouboua 1,Sotouboua 1
Sotouboua 2,Sotouboua 2
Sotouboua 3,Sotouboua 3
Mô 1,Mô 1
Mô 2,Mô 2
Ogou 1,Ogou 1
Ogou 2,Ogou 2
Ogou 3,Ogou 3
Ogou 4,Ogou 4
Moyen-Mono 1,Moyen-Mono 1
Moyen-Mono 2,Moyen-Mono 2
Haho 1,Haho 1
Haho 2,Haho 2
Haho 3,Haho 3
Haho 4,Haho 4
Agou 1,Agou 1
Agou 2,Agou 2
Kloto 1,Kloto 1
Kloto 2,Kloto 2
Kloto 3,Kloto 3
Kpélé 1,Kpélé 1
Kpélé 2,Kpélé 2
Danyi 1,Danyi 1 + Danyi 2
Danyi 2,Danyi 1 + Danyi 2
Wawa 1,Wawa 1
Wawa 2,Wawa 2
Wawa 3,Wawa 3
Akébou 1,Akébou 1
Akébou 2,Akébou 2
Amou 1,Amou 1
Amou 2,Amou 2
Amou 3,Amou 3
Anié 1,Anié 1
Anié 2,Anié 2
Est-Mono 1,Est-Mono 1
Est-Mono 2,Est-Mono 2
Est-Mono 3,Est-Mono 3
Zio 1,Zio 1
Zio 2,Zio 2
Zio 3,Zio 3
Zio 4,Zio 4
Yoto 1,Yoto 1
Yoto 2,Yoto 2
Yoto 3,Yoto 3
Bas-Mono 1,Bas-Mono 1
Bas-Mono 2,Bas-Mono 2
Lacs 1,Lacs 1
Lacs 2,Lacs 2
Lacs 3,Lacs 3
Lacs 4,Lacs 4
Vo 1,Vo 1
Vo 2,Vo 2
Vo 3,Vo 3
Vo 4,Vo 4
Avé 1,Avé 1
Avé 2,Avé 2
Golfe 1,Golfe 1
Golfe 2,Golfe 2
Golfe 3,Golfe 3
Golfe 4,Golfe 4
Golfe 5,Golfe 5
Golfe 6,Golfe 6
Golfe 7,Golfe 7
Agoè-Nyivé 1,Agoè-Nyivé 1
Agoè-Nyivé 2,Agoè-Nyivé 2
Agoè-Nyivé 3,Agoè-Nyivé 3
Agoè-Nyivé 4,Agoè-Nyivé 4
Agoè-Nyivé 5,Agoè-Nyivé 5
Agoè-Nyivé 6,Agoè-Nyivé 6
