fichier,colonne,type,lignes,non_nuls,taux_manquant_pct,taux_non_informatif_pct,valeurs_distinctes,min,max,exemples,periode,granularite
file-agents-mobile-money-19-12-2024-16-55-32.csv,FID,texte,19788,19788,0.0,0.0,19788,,,_mview_tel_agents_mobile_money.fid-7111a | _mview_tel_agents_mobile_money.fid-7111a | _mview_tel_agents_mobile_money.fid-7111a,"Collecte PRISE 2021/2022 (catalogue du géoportail, audit Défi 1) ; extraction du 19/12/2024","Point GPS (région, préfecture, commune, canton déclarés)"
file-agents-mobile-money-19-12-2024-16-55-32.csv,region_nom_bdd,texte,19788,19788,0.0,0.0,5,,,Maritime | Plateaux | Kara,"Collecte PRISE 2021/2022 (catalogue du géoportail, audit Défi 1) ; extraction du 19/12/2024","Point GPS (région, préfecture, commune, canton déclarés)"
file-agents-mobile-money-19-12-2024-16-55-32.csv,prefecture_nom_bdd,texte,19788,19788,0.0,0.0,39,,,Golfe | Kozah | Tchaoudjo,"Collecte PRISE 2021/2022 (catalogue du géoportail, audit Défi 1) ; extraction du 19/12/2024","Point GPS (région, préfecture, commune, canton déclarés)"
file-agents-mobile-money-19-12-2024-16-55-32.csv,commune_nom_bdd,texte,19788,19788,0.0,0.0,117,,,Kozah 1 | Tchaoudjo 1 | Golfe 1,"Collecte PRISE 2021/2022 (catalogue du géoportail, audit Défi 1) ; extraction du 19/12/2024","Point GPS (région, préfecture, commune, canton déclarés)"
file-agents-mobile-money-19-12-2024-16-55-32.csv,canton_nom_bdd,texte,19788,19788,0.0,0.0,372,,,Commune De Kara | Bè-Est | Aflao-Gakli,"Collecte PRISE 2021/2022 (catalogue du géoportail, audit Défi 1) ; extraction du 19/12/2024","Point GPS (région, préfecture, commune, canton déclarés)"
file-agents-mobile-money-19-12-2024-16-55-32.csv,operateur,texte,19788,19788,0.0,6.81,4,,,"Moov, Togocom | Togocom | Nsp","Collecte PRISE 2021/2022 (catalogue du géoportail, audit Défi 1) ; extraction du 19/12/2024","Point GPS (région, préfecture, commune, canton déclarés)"
file-agents-mobile-money-19-12-2024-16-55-32.csv,geometry,géométrie (WKT Point),19788,19788,0.0,0.0,19788,,,POINT (1.2144986445140882 6.145976688064 | POINT (0.3032083333333333 10.99665166666 | POINT (0.3600592001272428 10.71756508836,"Collecte PRISE 2021/2022 (catalogue du géoportail, audit Défi 1) ; extraction du 19/12/2024","Point GPS (région, préfecture, commune, canton déclarés)"
file-finance-etablissements-08-01-2025-17-49-30.csv,FID,texte,738,738,0.0,0.0,738,,,_mview_finance_etablissements_banque.fid | _mview_finance_etablissements_banque.fid | _mview_finance_etablissements_banque.fid,Période de collecte non indiquée dans le fichier ; extraction du 08/01/2025,"Point GPS (région, préfecture, commune, canton déclarés)"
file-finance-etablissements-08-01-2025-17-49-30.csv,region_nom_bdd,texte,738,738,0.0,0.0,5,,,Maritime | Plateaux | Kara,Période de collecte non indiquée dans le fichier ; extraction du 08/01/2025,"Point GPS (région, préfecture, commune, canton déclarés)"
file-finance-etablissements-08-01-2025-17-49-30.csv,prefecture_nom_bdd,texte,738,738,0.0,0.0,38,,,Golfe | Agoè-Nyivé | Zio,Période de collecte non indiquée dans le fichier ; extraction du 08/01/2025,"Point GPS (région, préfecture, commune, canton déclarés)"
file-finance-etablissements-08-01-2025-17-49-30.csv,commune_nom_bdd,texte,738,738,0.0,0.0,95,,,Golfe 5 | Golfe 1 | Agoè-Nyivé 1,Période de collecte non indiquée dans le fichier ; extraction du 08/01/2025,"Point GPS (région, préfecture, commune, canton déclarés)"
file-finance-etablissements-08-01-2025-17-49-30.csv,canton_nom_bdd,texte,738,738,0.0,0.0,130,,,Aflao-Gakli | Bè-Est | Agoè-Nyivé,Période de collecte non indiquée dans le fichier ; extraction du 08/01/2025,"Point GPS (région, préfecture, commune, canton déclarés)"
file-finance-etablissements-08-01-2025-17-49-30.csv,nom_localite,texte,738,738,0.0,3.39,462,,,N/a | AKODESSEWA | Adidogomé,Période de collecte non indiquée dans le fichier ; extraction du 08/01/2025,"Point GPS (région, préfecture, commune, canton déclarés)"
file-finance-etablissements-08-01-2025-17-49-30.csv,etab_nom,texte,738,738,0.0,0.0,730,,,COOPEC la Fructueuse | Assilassime Solidarité | Mutuelle Nevaeme,Période de collecte non indiquée dans le fichier ; extraction du 08/01/2025,"Point GPS (région, préfecture, commune, canton déclarés)"
file-finance-etablissements-08-01-2025-17-49-30.csv,etab_adresse,texte,738,738,0.0,37.67,415,,,Néant | Nsp | BP 359,Période de collecte non indiquée dans le fichier ; extraction du 08/01/2025,"Point GPS (région, préfecture, commune, canton déclarés)"
file-finance-etablissements-08-01-2025-17-49-30.csv,etab_jour,texte,738,738,0.0,0.41,52,,,"{Lundi,Mardi,Mercredi,Jeudi,Vendredi,Sam | {Lundi,Mardi,Mercredi,Jeudi,Vendredi} | {Samedi,Vendredi,Jeudi,Mercredi,Mardi,Lu",Période de collecte non indiquée dans le fichier ; extraction du 08/01/2025,"Point GPS (région, préfecture, commune, canton déclarés)"
file-finance-etablissements-08-01-2025-17-49-30.csv,activite_statut,texte,738,738,0.0,8.27,14,,,Utilisé | Néant | Autre,Période de collecte non indiquée dans le fichier ; extraction du 08/01/2025,"Point GPS (région, préfecture, commune, canton déclarés)"
file-finance-etablissements-08-01-2025-17-49-30.csv,activite_categorie,texte,738,738,0.0,0.0,5,,,Micro-Finance | Banque | Assurance,Période de collecte non indiquée dans le fichier ; extraction du 08/01/2025,"Point GPS (région, préfecture, commune, canton déclarés)"
file-finance-etablissements-08-01-2025-17-49-30.csv,toilette_type,texte,738,738,0.0,37.26,20,,,N/a | {WCs} | {Latrines a eau},Période de collecte non indiquée dans le fichier ; extraction du 08/01/2025,"Point GPS (région, préfecture, commune, canton déclarés)"
file-finance-etablissements-08-01-2025-17-49-30.csv,geometry,géométrie (WKT Point),738,738,0.0,0.0,738,,,POINT (0.63340629671594 6.91447997875899 | POINT (1.1654270638510162 6.203541360604 | POINT (0.025253169999999 11.0961158),Période de collecte non indiquée dans le fichier ; extraction du 08/01/2025,"Point GPS (région, préfecture, commune, canton déclarés)"
individus-utilisant-internet-de-la-population-.csv,indicator,texte,64,64,0.0,0.0,1,,,Individuals using the Internet (% of pop,1960–2023,National
individus-utilisant-internet-de-la-population-.csv,country,texte,64,64,0.0,0.0,1,,,Togo,1960–2023,National
individus-utilisant-internet-de-la-population-.csv,countryiso3code,texte,64,64,0.0,0.0,1,,,TGO,1960–2023,National
individus-utilisant-internet-de-la-population-.csv,date,entier,64,64,0.0,0.0,64,1960,2023,2023 | 2022 | 2021,1960–2023,National
individus-utilisant-internet-de-la-population-.csv,value,décimal,64,51,20.31,0.0,28,0.0,37.6212,0.0 | 37.6212 | 29.0237,1960–2023,National
individus-utilisant-internet-de-la-population-.csv,unit,décimal,64,0,100.0,0.0,0,,,,1960–2023,National
individus-utilisant-internet-de-la-population-.csv,obs_status,décimal,64,0,100.0,0.0,0,,,,1960–2023,National
individus-utilisant-internet-de-la-population-.csv,decimal,entier,64,64,0.0,0.0,1,0,0,0,1960–2023,National
observationdata-cxnvmoc.csv,indicateur,texte,160,160,0.0,0.0,25,,,T abonnés Internet Fixe et Mobile (Toute | T abonnés Internet haut débit Fixe et Mo | T abonnés Internet mobiles (Toutes techn,2013–2019,National (certaines séries par opérateur)
observationdata-cxnvmoc.csv,Unit,texte,160,160,0.0,0.0,1,,,Nombre,2013–2019,National (certaines séries par opérateur)
observationdata-cxnvmoc.csv,Date,entier,160,160,0.0,0.0,7,2013,2019,2013 | 2014 | 2015,2013–2019,National (certaines séries par opérateur)
observationdata-cxnvmoc.csv,Value,décimal,160,160,0.0,0.0,128,0.0,3686211.0,0.0 | 431869.0 | 210448.0,2013–2019,National (certaines séries par opérateur)
observationdata-mesqyx.csv,indicateur,texte,70,70,0.0,0.0,10,,,Le nombre total d'abonnés fixe et mobile | Le nombre total d'abonnées mobiles GSM | Le nombre total d'abonnés fixe,2013–2019,National (parts de marché par opérateur)
observationdata-mesqyx.csv,Unit,texte,70,70,0.0,0.0,3,,,% | Nombre | Francs CFA,2013–2019,National (parts de marché par opérateur)
observationdata-mesqyx.csv,Date,entier,70,70,0.0,0.0,7,2013,2019,2013 | 2014 | 2015,2013–2019,National (parts de marché par opérateur)
observationdata-mesqyx.csv,Value,décimal,70,70,0.0,0.0,70,0.47,33234000000000.0,3778401.0 | 4272018.0 | 4710010.0,2013–2019,National (parts de marché par opérateur)
observationdata-kwwolwb.csv,indicateur,texte,759,759,0.0,0.0,1,,,Population résidente par découpage admin,2022–2022,"Pays, région, préfecture, commune, canton/quartier"
observationdata-kwwolwb.csv,découpage-administratif,texte,759,759,0.0,0.0,745,,,ATSANVE | CINKASSE | SOTOUBOUA,2022–2022,"Pays, région, préfecture, commune, canton/quartier"
observationdata-kwwolwb.csv,sexe,texte,759,759,0.0,0.0,1,,,Total,2022–2022,"Pays, région, préfecture, commune, canton/quartier"
observationdata-kwwolwb.csv,Unit,texte,759,759,0.0,0.0,1,,,Nombre,2022–2022,"Pays, région, préfecture, commune, canton/quartier"
observationdata-kwwolwb.csv,Date,entier,759,759,0.0,0.0,1,2022,2022,2022,2022–2022,"Pays, région, préfecture, commune, canton/quartier"
observationdata-kwwolwb.csv,Value,entier,759,759,0.0,0.0,743,132,8095498,16044 | 20414 | 4303,2022–2022,"Pays, région, préfecture, commune, canton/quartier"
