ligne_source,niveau,libelle_source,population,parent,region_bdd,prefecture_bdd,commune_bdd,correction
2,pays,TOGO,8095498,,,,,
3,region_rgph,SAVANES,1143520,2.0,Savanes,,,
4,prefecture,TONE,388775,3.0,Savanes,Tône,,
5,commune,TONE 1,211743,4.0,Savanes,Tône,Tône 1,
6,canton_ou_quartier,DAPAONG,144711,5.0,Savanes,Tône,Tône 1,
7,canton_ou_quartier,KOURIENTRE,12224,5.0,Savanes,Tône,Tône 1,
8,canton_ou_quartier,POISSONGUI,6155,5.0,Savanes,Tône,Tône 1,
9,canton_ou_quartier,NATIGOU,11234,5.0,Savanes,Tône,Tône 1,
10,canton_ou_quartier,TOAGA,13494,5.0,Savanes,Tône,Tône 1,
11,canton_ou_quartier,PANA,13279,5.0,Savanes,Tône,Tône 1,
12,canton_ou_quartier,BIDJENGA,10646,5.0,Savanes,Tône,Tône 1,
13,commune,TONE 2,50179,4.0,Savanes,Tône,Tône 2,
14,canton_ou_quartier,NAKI-OUEST,24016,13.0,Savanes,Tône,Tône 2,
15,canton_ou_quartier,NAMARE,12103,13.0,Savanes,Tône,Tône 2,
16,canton_ou_quartier,NANERGOU,14060,13.0,Savanes,Tône,Tône 2,
17,commune,TONE 3,60276,4.0,Savanes,Tône,Tône 3,
18,canton_ou_quartier,TAMI,20619,17.0,Savanes,Tône,Tône 3,
19,canton_ou_quartier,NIOUKPOURMA,17991,17.0,Savanes,Tône,Tône 3,
20,canton_ou_quartier,LOTOGOU,14432,17.0,Savanes,Tône,Tône 3,
21,canton_ou_quartier,WARKAMBOU,7234,17.0,Savanes,Tône,Tône 3,
22,commune,TONE 4,66577,4.0,Savanes,Tône,Tône 4,
23,canton_ou_quartier,KORBONGOU,25609,22.0,Savanes,Tône,Tône 4,
24,canton_ou_quartier,LOUANGA,11434,22.0,Savanes,Tône,Tône 4,
25,canton_ou_quartier,KANTINDI,14016,22.0,Savanes,Tône,Tône 4,
26,canton_ou_quartier,SANFATOUTE,15518,22.0,Savanes,Tône,Tône 4,
27,prefecture,CINKASSE,128959,3.0,Savanes,Cinkassé,,
28,commune,CINKASSE 1,75992,27.0,Savanes,Cinkassé,Cinkassé 1,
29,canton_ou_quartier,CINKASSE,63226,28.0,Savanes,Cinkassé,Cinkassé 1,
30,canton_ou_quartier,BOADE,7403,28.0,Savanes,Cinkassé,Cinkassé 1,
31,canton_ou_quartier,GNOAGA,1656,28.0,Savanes,Cinkassé,Cinkassé 1,
32,canton_ou_quartier,GOULOUNGOUSSI,3707,28.0,Savanes,Cinkassé,Cinkassé 1,
33,commune,CINKASSE 2,52967,27.0,Savanes,Cinkassé,Cinkassé 2,
34,canton_ou_quartier,TIMBOU,21709,33.0,Savanes,Cinkassé,Cinkassé 2,
35,canton_ou_quartier,SAM-NABA,9361,33.0,Savanes,Cinkassé,Cinkassé 2,
36,canton_ou_quartier,NADJOUNDI,10140,33.0,Savanes,Cinkassé,Cinkassé 2,
37,canton_ou_quartier,BIANKOURI,11757,33.0,Savanes,Cinkassé,Cinkassé 2,
38,prefecture,KPENDJAL-OUEST,123330,3.0,Savanes,Kpendjal-Ouest,,
39,commune,KPENDJAL-OUEST 1,56459,38.0,Savanes,Kpendjal-Ouest,Kpendjal-Ouest 1,
40,canton_ou_quartier,NAKI-EST,24761,39.0,Savanes,Kpendjal-Ouest,Kpendjal-Ouest 1,
41,canton_ou_quartier,NAYEGA,19235,39.0,Savanes,Kpendjal-Ouest,Kpendjal-Ouest 1,
42,canton_ou_quartier,OGARO,12463,39.0,Savanes,Kpendjal-Ouest,Kpendjal-Ouest 1,
43,commune,KPENDJAL-OUEST 2,66871,38.0,Savanes,Kpendjal-Ouest,Kpendjal-Ouest 2,
44,canton_ou_quartier,POGNO,15448,43.0,Savanes,Kpendjal-Ouest,Kpendjal-Ouest 2,
45,canton_ou_quartier,NAMOUNDJOGA,17896,43.0,Savanes,Kpendjal-Ouest,Kpendjal-Ouest 2,
46,canton_ou_quartier,TAMBONGA,18709,43.0,Savanes,Kpendjal-Ouest,Kpendjal-Ouest 2,
47,canton_ou_quartier,PAPRI,14818,43.0,Savanes,Kpendjal-Ouest,Kpendjal-Ouest 2,
48,prefecture,KPENDJAL,88365,3.0,Savanes,Kpendjal,,
49,commune,KPENDJAL 1,47903,48.0,Savanes,Kpendjal,Kpendjal 1,
50,canton_ou_quartier,MANDOURI,20616,49.0,Savanes,Kpendjal,Kpendjal 1,
51,canton_ou_quartier,TAMBIGOU,9361,49.0,Savanes,Kpendjal,Kpendjal 1,
52,canton_ou_quartier,KOUNDJOARE,17926,49.0,Savanes,Kpendjal,Kpendjal 1,
53,commune,KPENDJAL 2,40462,48.0,Savanes,Kpendjal,Kpendjal 2,
54,canton_ou_quartier,BORGOU,40462,53.0,Savanes,Kpendjal,Kpendjal 2,
55,prefecture,OTI-SUD,150376,3.0,Savanes,Oti-Sud,,
56,commune,OTI-SUD 1,106052,55.0,Savanes,Oti-Sud,Oti-Sud 1,
57,canton_ou_quartier,GANDO,41374,56.0,Savanes,Oti-Sud,Oti-Sud 1,
58,canton_ou_quartier,SAGBIEBOU,20370,56.0,Savanes,Oti-Sud,Oti-Sud 1,
59,canton_ou_quartier,MOGOU,30442,56.0,Savanes,Oti-Sud,Oti-Sud 1,
60,canton_ou_quartier,TCHAMONGA,13866,56.0,Savanes,Oti-Sud,Oti-Sud 1,
61,commune,OTI-SUD 2,44324,55.0,Savanes,Oti-Sud,Oti-Sud 2,
62,canton_ou_quartier,TAKPAMBA,12423,61.0,Savanes,Oti-Sud,Oti-Sud 2,
63,canton_ou_quartier,NALI,11284,61.0,Savanes,Oti-Sud,Oti-Sud 2,
64,canton_ou_quartier,KOUMONGOU,7167,61.0,Savanes,Oti-Sud,Oti-Sud 2,
65,canton_ou_quartier,KOUNTOIRE,13450,61.0,Savanes,Oti-Sud,Oti-Sud 2,
66,prefecture,OTI,124848,3.0,Savanes,Oti,,
67,commune,OTI 1,54479,66.0,Savanes,Oti,Oti 1,
68,canton_ou_quartier,MANGO,41803,67.0,Savanes,Oti,Oti 1,
69,canton_ou_quartier,SADORI,8100,67.0,Savanes,Oti,Oti 1,
70,canton_ou_quartier,FARE,4576,67.0,Savanes,Oti,Oti 1,
71,commune,OTI 2,70369,66.0,Savanes,Oti,Oti 2,
72,canton_ou_quartier,BARKOISSI,21060,71.0,Savanes,Oti,Oti 2,
73,canton_ou_quartier,GALANGASHIE,14810,71.0,Savanes,Oti,Oti 2,
74,canton_ou_quartier,TCHANAGA,8973,71.0,Savanes,Oti,Oti 2,
75,canton_ou_quartier,NAGBENI,19607,71.0,Savanes,Oti,Oti 2,
76,canton_ou_quartier,LOKO,5919,71.0,Savanes,Oti,Oti 2,
77,prefecture,TANDJOARE,138867,3.0,Savanes,Tandjoaré,,
78,commune,TANDJOARE 1,74692,77.0,Savanes,Tandjoaré,Tandjoaré 1,
79,canton_ou_quartier,NANDOGA,6334,78.0,Savanes,Tandjoaré,Tandjoaré 1,
80,canton_ou_quartier,BOMBOUAKA,10769,78.0,Savanes,Tandjoaré,Tandjoaré 1,
81,canton_ou_quartier,PLIGOU,7042,78.0,Savanes,Tandjoaré,Tandjoaré 1,
82,canton_ou_quartier,BOULOGOU,6101,78.0,Savanes,Tandjoaré,Tandjoaré 1,
83,canton_ou_quartier,LOKO,6187,78.0,Savanes,Tandjoaré,Tandjoaré 1,
84,canton_ou_quartier,TAMONGUE,21405,78.0,Savanes,Tandjoaré,Tandjoaré 1,
85,canton_ou_quartier,BOGOU,10506,78.0,Savanes,Tandjoaré,Tandjoaré 1,
86,canton_ou_quartier,GOUNDOGA,6348,78.0,Savanes,Tandjoaré,Tandjoaré 1,
87,commune,TANDJOARE 2,64175,77.0,Savanes,Tandjoaré,Tandjoaré 2,
88,canton_ou_quartier,NANO,17093,87.0,Savanes,Tandjoaré,Tandjoaré 2,
89,canton_ou_quartier,DOUKPERGOU,7026,87.0,Savanes,Tandjoaré,Tandjoaré 2,
90,canton_ou_quartier,LOKPANO,6025,87.0,Savanes,Tandjoaré,Tandjoaré 2,
91,canton_ou_quartier,SANGOU,2620,87.0,Savanes,Tandjoaré,Tandjoaré 2,
92,canton_ou_quartier,MAMPROUGOU,6331,87.0,Savanes,Tandjoaré,Tandjoaré 2,
93,canton_ou_quartier,BAGOU,2390,87.0,Savanes,Tandjoaré,Tandjoaré 2,
94,canton_ou_quartier,TAMPIALIME,14347,87.0,Savanes,Tandjoaré,Tandjoaré 2,
95,canton_ou_quartier,SISSIAK,8343,87.0,Savanes,Tandjoaré,Tandjoaré 2,
96,region_rgph,KARA,985512,2.0,Kara,,,
97,prefecture,KOZAH,283738,96.0,Kara,Kozah,,
98,commune,KOZAH 1,193625,97.0,Kara,Kozah,Kozah 1,
99,canton_ou_quartier,LAMA,161176,98.0,Kara,Kozah,Kozah 1,
100,canton_ou_quartier,LASSA,12999,98.0,Kara,Kozah,Kozah 1,
101,canton_ou_quartier,SOUMDINA,9274,98.0,Kara,Kozah,Kozah 1,
102,canton_ou_quartier,LANDA,10176,98.0,Kara,Kozah,Kozah 1,
103,commune,KOZAH 2,45704,97.0,Kara,Kozah,Kozah 2,
104,canton_ou_quartier,PYA,11398,103.0,Kara,Kozah,Kozah 2,
105,canton_ou_quartier,KOUMEA,7489,103.0,Kara,Kozah,Kozah 2,
106,canton_ou_quartier,TCHARE,2301,103.0,Kara,Kozah,Kozah 2,
107,canton_ou_quartier,BOHOU,6739,103.0,Kara,Kozah,Kozah 2,
108,canton_ou_quartier,YADE,4301,103.0,Kara,Kozah,Kozah 2,
109,canton_ou_quartier,TCHITCHAO,7427,103.0,Kara,Kozah,Kozah 2,
110,canton_ou_quartier,SARAKAWA,6049,103.0,Kara,Kozah,Kozah 2,
111,commune,KOZAH 3,23755,97.0,Kara,Kozah,Kozah 3,
112,canton_ou_quartier,AWANDJELO,12147,111.0,Kara,Kozah,Kozah 3,
113,canton_ou_quartier,KPINZINDE,11608,111.0,Kara,Kozah,Kozah 3,
114,commune,KOZAH 4,20654,97.0,Kara,Kozah,Kozah 4,
115,canton_ou_quartier,ATCHANGBADE,16876,114.0,Kara,Kozah,Kozah 4,
116,canton_ou_quartier,DJAMDE,3778,114.0,Kara,Kozah,Kozah 4,
117,prefecture,ASSOLI,66394,96.0,Kara,Assoli,,
118,commune,ASSOLI 1,40417,117.0,Kara,Assoli,Assoli 1,
119,canton_ou_quartier,BAFILO,27038,118.0,Kara,Assoli,Assoli 1,
120,canton_ou_quartier,BOULADE,5384,118.0,Kara,Assoli,Assoli 1,
121,canton_ou_quartier,DAKO/DAOUDE,7995,118.0,Kara,Assoli,Assoli 1,
122,commune,ASSOLI 2,9933,117.0,Kara,Assoli,Assoli 2,
123,canton_ou_quartier,ALEDJO,4809,122.0,Kara,Assoli,Assoli 2,
124,canton_ou_quartier,KOUMONDE,5124,122.0,Kara,Assoli,Assoli 2,
125,commune,ASSOLI 3,16044,117.0,Kara,Assoli,Assoli 3,
126,canton_ou_quartier,SOUDOU,16044,125.0,Kara,Assoli,Assoli 3,
127,prefecture,BASSAR,152065,96.0,Kara,Bassar,,
128,commune,BASSAR 1,65059,127.0,Kara,Bassar,Bassar 1,
129,canton_ou_quartier,BASSAR,45846,128.0,Kara,Bassar,Bassar 1,
130,canton_ou_quartier,BAGHAN,11814,128.0,Kara,Bassar,Bassar 1,
131,canton_ou_quartier,KALANGA,7399,128.0,Kara,Bassar,Bassar 1,
132,commune,BASSAR 2,36476,127.0,Kara,Bassar,Bassar 2,
133,canton_ou_quartier,BANGELI,15571,132.0,Kara,Bassar,Bassar 2,
134,canton_ou_quartier,BITCHABE,7142,132.0,Kara,Bassar,Bassar 2,
135,canton_ou_quartier,DIMORI,13763,132.0,Kara,Bassar,Bassar 2,
136,commune,BASSAR 3,33873,127.0,Kara,Bassar,Bassar 3,
137,canton_ou_quartier,KABOU,26604,136.0,Kara,Bassar,Bassar 3,
138,canton_ou_quartier,MANGA,7269,136.0,Kara,Bassar,Bassar 3,
139,commune,BASSAR 4,16657,127.0,Kara,Bassar,Bassar 4,
140,canton_ou_quartier,SANDA-KAGBANDA,10642,139.0,Kara,Bassar,Bassar 4,
141,canton_ou_quartier,SANDA-AFOHOU,6015,139.0,Kara,Bassar,Bassar 4,
142,prefecture,DANKPEN,185662,96.0,Kara,Dankpen,,
143,commune,DANKPEN 1,76294,142.0,Kara,Dankpen,Dankpen 1,
144,canton_ou_quartier,GUERIN-KOUKA,48399,143.0,Kara,Dankpen,Dankpen 1,
145,canton_ou_quartier,NAMPOCH,9256,143.0,Kara,Dankpen,Dankpen 1,
146,canton_ou_quartier,KATCHAMBA,9121,143.0,Kara,Dankpen,Dankpen 1,
147,canton_ou_quartier,KOULFIEKOU,9518,143.0,Kara,Dankpen,Dankpen 1,
148,commune,DANKPEN 2,32716,142.0,Kara,Dankpen,Dankpen 2,
149,canton_ou_quartier,NAMON,9389,148.0,Kara,Dankpen,Dankpen 2,
150,canton_ou_quartier,NATCHIBORE,11741,148.0,Kara,Dankpen,Dankpen 2,
151,canton_ou_quartier,NATCHITIKPI,7844,148.0,Kara,Dankpen,Dankpen 2,
152,canton_ou_quartier,KOUTCHITCHEOU,3742,148.0,Kara,Dankpen,Dankpen 2,
153,commune,DANKPEN 3,76652,142.0,Kara,Dankpen,Dankpen 3,
154,canton_ou_quartier,BAPURE,25428,153.0,Kara,Dankpen,Dankpen 3,
155,canton_ou_quartier,NANDOUTA,14114,153.0,Kara,Dankpen,Dankpen 3,
156,canton_ou_quartier,NAWARE,18253,153.0,Kara,Dankpen,Dankpen 3,
157,canton_ou_quartier,KIDJABOUN,18857,153.0,Kara,Dankpen,Dankpen 3,
158,prefecture,KERAN,128687,96.0,Kara,Kéran,,
159,commune,KERAN 1,44399,158.0,Kara,Kéran,Kéran 1,
160,canton_ou_quartier,KANDE,26266,159.0,Kara,Kéran,Kéran 1,
161,canton_ou_quartier,AKPONTE,8877,159.0,Kara,Kéran,Kéran 1,
162,canton_ou_quartier,PESSIDE,9256,159.0,Kara,Kéran,Kéran 1,
163,commune,KERAN 2,53305,158.0,Kara,Kéran,Kéran 2,
164,canton_ou_quartier,ATALOTE,17429,163.0,Kara,Kéran,Kéran 2,
165,canton_ou_quartier,OSSACRE,19842,163.0,Kara,Kéran,Kéran 2,
166,canton_ou_quartier,HELOTA,16034,163.0,Kara,Kéran,Kéran 2,
167,commune,KERAN 3,30983,158.0,Kara,Kéran,Kéran 3,
168,canton_ou_quartier,NADOBA,19878,167.0,Kara,Kéran,Kéran 3,
169,canton_ou_quartier,WARENGO,6315,167.0,Kara,Kéran,Kéran 3,
170,canton_ou_quartier,KOUTOUGOU,4790,167.0,Kara,Kéran,Kéran 3,
171,prefecture,DOUFELGOU,84767,96.0,Kara,Doufelgou,,
172,commune,DOUFELGOU 1,44783,171.0,Kara,Doufelgou,Doufelgou 1,
173,canton_ou_quartier,NIAMTOUGOU,6433,172.0,Kara,Doufelgou,Doufelgou 1,
174,canton_ou_quartier,AGBANDE-YAKA,8915,172.0,Kara,Doufelgou,Doufelgou 1,
175,canton_ou_quartier,BAGA,5905,172.0,Kara,Doufelgou,Doufelgou 1,
176,canton_ou_quartier,KOKA,3433,172.0,Kara,Doufelgou,Doufelgou 1,
177,canton_ou_quartier,TENEGA,4303,172.0,Kara,Doufelgou,Doufelgou 1,
178,canton_ou_quartier,SIOU,8910,172.0,Kara,Doufelgou,Doufelgou 1,
179,canton_ou_quartier,POUDA,3137,172.0,Kara,Doufelgou,Doufelgou 1,
180,canton_ou_quartier,MASSEDENA,3747,172.0,Kara,Doufelgou,Doufelgou 1,
181,commune,DOUFELGOU 2,11722,171.0,Kara,Doufelgou,Doufelgou 2,
182,canton_ou_quartier,DEFALE,6938,181.0,Kara,Doufelgou,Doufelgou 2,
183,canton_ou_quartier,KPAHA,3692,181.0,Kara,Doufelgou,Doufelgou 2,
184,canton_ou_quartier,ANIMA,1092,181.0,Kara,Doufelgou,Doufelgou 2,
185,commune,DOUFELGOU 3,28262,171.0,Kara,Doufelgou,Doufelgou 3,
186,canton_ou_quartier,KADJALLA,9835,185.0,Kara,Doufelgou,Doufelgou 3,
187,canton_ou_quartier,TCHORE,3982,185.0,Kara,Doufelgou,Doufelgou 3,
188,canton_ou_quartier,ALLOUM,10239,185.0,Kara,Doufelgou,Doufelgou 3,
189,canton_ou_quartier,LEON,4206,185.0,Kara,Doufelgou,Doufelgou 3,
190,prefecture,BINAH,84199,96.0,Kara,Binah,,
191,commune,BINAH 1,44039,190.0,Kara,Binah,Binah 1,
192,canton_ou_quartier,PAGOUDA,16870,191.0,Kara,Binah,Binah 1,
193,canton_ou_quartier,LAMA-DESSI,3932,191.0,Kara,Binah,Binah 1,
194,canton_ou_quartier,PITIKITA,1484,191.0,Kara,Binah,Binah 1,
195,canton_ou_quartier,PESSARE,6329,191.0,Kara,Binah,Binah 1,
196,canton_ou_quartier,BOUFALE,5801,191.0,Kara,Binah,Binah 1,
197,canton_ou_quartier,SOLLA,9623,191.0,Kara,Binah,Binah 1,
198,commune,BINAH2,40160,190.0,Kara,Binah,Binah 2,
199,canton_ou_quartier,KETAO,25809,198.0,Kara,Binah,Binah 2,
200,canton_ou_quartier,KEMERIDA,7182,198.0,Kara,Binah,Binah 2,
201,canton_ou_quartier,SIRKA,7169,198.0,Kara,Binah,Binah 2,
202,region_rgph,CENTRALE,795529,2.0,Centrale,,,
203,prefecture,TCHAOUDJO,240360,202.0,Centrale,Tchaoudjo,,
204,commune,TCHAOUDJO 1,177706,203.0,Centrale,Tchaoudjo,Tchaoudjo 1,
205,canton_ou_quartier,KOMAH,91606,204.0,Centrale,Tchaoudjo,Tchaoudjo 1,
206,canton_ou_quartier,KPARATAO,16588,204.0,Centrale,Tchaoudjo,Tchaoudjo 1,
207,canton_ou_quartier,KADAMBARA,23526,204.0,Centrale,Tchaoudjo,Tchaoudjo 1,
208,canton_ou_quartier,TCHALO,8871,204.0,Centrale,Tchaoudjo,Tchaoudjo 1,
209,canton_ou_quartier,KPANGALAM,37115,204.0,Centrale,Tchaoudjo,Tchaoudjo 1,
210,commune,TCHAOUDJO 2,24891,203.0,Centrale,Tchaoudjo,Tchaoudjo 2,
211,canton_ou_quartier,LAMA-TESSI,24891,210.0,Centrale,Tchaoudjo,Tchaoudjo 2,
212,commune,TCHAOUDJO 3,17484,203.0,Centrale,Tchaoudjo,Tchaoudjo 3,
213,canton_ou_quartier,ALEHERIDE,6123,212.0,Centrale,Tchaoudjo,Tchaoudjo 3,
214,canton_ou_quartier,AMAIDE,4338,212.0,Centrale,Tchaoudjo,Tchaoudjo 3,
215,canton_ou_quartier,KEMENI,2876,212.0,Centrale,Tchaoudjo,Tchaoudjo 3,
216,canton_ou_quartier,KOLINA,4147,212.0,Centrale,Tchaoudjo,Tchaoudjo 3,
217,commune,TCHAOUDJO 4,20279,203.0,Centrale,Tchaoudjo,Tchaoudjo 4,
218,canton_ou_quartier,AGOULOU,13714,217.0,Centrale,Tchaoudjo,Tchaoudjo 4,
219,canton_ou_quartier,KPASSOUADE,3468,217.0,Centrale,Tchaoudjo,Tchaoudjo 4,
220,canton_ou_quartier,WASSARABO,3097,217.0,Centrale,Tchaoudjo,Tchaoudjo 4,
221,prefecture,TCHAMBA,200585,202.0,Centrale,Tchamba,,
222,commune,TCHAMBA 1,82451,221.0,Centrale,Tchamba,Tchamba 1,
223,canton_ou_quartier,TCHAMBA,48392,222.0,Centrale,Tchamba,Tchamba 1,
224,canton_ou_quartier,ALIBI,10324,222.0,Centrale,Tchamba,Tchamba 1,
225,canton_ou_quartier,LARNI,7113,222.0,Centrale,Tchamba,Tchamba 1,
226,canton_ou_quartier,KRI-KRI (ADJEIDE),7359,222.0,Centrale,Tchamba,Tchamba 1,
227,canton_ou_quartier,AFFEM,9263,222.0,Centrale,Tchamba,Tchamba 1,
228,commune,TCHAMBA 2,64930,221.0,Centrale,Tchamba,Tchamba 2,
229,canton_ou_quartier,KOUSSOUNTOU,28343,228.0,Centrale,Tchamba,Tchamba 2,
230,canton_ou_quartier,BAGO,36587,228.0,Centrale,Tchamba,Tchamba 2,
231,commune,TCHAMBA 3,53204,221.0,Centrale,Tchamba,Tchamba 3,
232,canton_ou_quartier,KABOLI,30575,231.0,Centrale,Tchamba,Tchamba 3,
233,canton_ou_quartier,GOUBI,10845,231.0,Centrale,Tchamba,Tchamba 3,
234,canton_ou_quartier,BALANKA,11784,231.0,Centrale,Tchamba,Tchamba 3,
235,prefecture,BLITTA,163272,202.0,Centrale,Blitta,,
236,commune,BLITTA 1,71539,235.0,Centrale,Blitta,Blitta 1,
237,canton_ou_quartier,BLITTA-GARE,14067,236.0,Centrale,Blitta,Blitta 1,
238,canton_ou_quartier,BLITTA VILLAGE,10794,236.0,Centrale,Blitta,Blitta 1,
239,canton_ou_quartier,YALOUMBE,6253,236.0,Centrale,Blitta,Blitta 1,
240,canton_ou_quartier,TCHALOUDE,9752,236.0,Centrale,Blitta,Blitta 1,
241,canton_ou_quartier,WARAGNI,4956,236.0,Centrale,Blitta,Blitta 1,
242,canton_ou_quartier,PAGALA-GARE,23112,236.0,Centrale,Blitta,Blitta 1,
243,canton_ou_quartier,DOUFOULI,2605,236.0,Centrale,Blitta,Blitta 1,
244,commune,BLITTA 2,46515,235.0,Centrale,Blitta,Blitta 2,
245,canton_ou_quartier,AGBANDI,12122,244.0,Centrale,Blitta,Blitta 2,
246,canton_ou_quartier,LANGABOU,16790,244.0,Centrale,Blitta,Blitta 2,
247,canton_ou_quartier,KOFFITI,10294,244.0,Centrale,Blitta,Blitta 2,
248,canton_ou_quartier,TCHARE-BAOU,7309,244.0,Centrale,Blitta,Blitta 2,
249,commune,BLITTA 3,45218,235.0,Centrale,Blitta,Blitta 3,
250,canton_ou_quartier,M'POTI,6971,249.0,Centrale,Blitta,Blitta 3,
251,canton_ou_quartier,TCHIFAMA,5574,249.0,Centrale,Blitta,Blitta 3,
252,canton_ou_quartier,PAGALA-VILLAGE,3554,249.0,Centrale,Blitta,Blitta 3,
253,canton_ou_quartier,WELLY,10170,249.0,Centrale,Blitta,Blitta 3,
254,canton_ou_quartier,TINTCHRO,4041,249.0,Centrale,Blitta,Blitta 3,
255,canton_ou_quartier,ATCHINTSE,4572,249.0,Centrale,Blitta,Blitta 3,
256,canton_ou_quartier,DIGUENGUE,1523,249.0,Centrale,Blitta,Blitta 3,
257,canton_ou_quartier,DIKPELEOU,2086,249.0,Centrale,Blitta,Blitta 3,
258,canton_ou_quartier,YEGUE,3472,249.0,Centrale,Blitta,Blitta 3,
259,canton_ou_quartier,KATCHENKE,3255,249.0,Centrale,Blitta,Blitta 3,
260,prefecture,SOTOUBOUA,138864,202.0,Centrale,Sotouboua,,
261,commune,SOTOUBOUA 1,46907,260.0,Centrale,Sotouboua,Sotouboua 1,
262,canton_ou_quartier,SOTOUBOUA,37143,261.0,Centrale,Sotouboua,Sotouboua 1,
263,canton_ou_quartier,KANIAMBOUA,2190,261.0,Centrale,Sotouboua,Sotouboua 1,
264,canton_ou_quartier,TABINDE,7574,261.0,Centrale,Sotouboua,Sotouboua 1,
265,commune,SOTOUBOUA 2,64187,260.0,Centrale,Sotouboua,Sotouboua 2,
266,canton_ou_quartier,ADJENGRE,21727,265.0,Centrale,Sotouboua,Sotouboua 2,
267,canton_ou_quartier,SESSARO,12226,265.0,Centrale,Sotouboua,Sotouboua 2,
268,canton_ou_quartier,TITIGBE,7130,265.0,Centrale,Sotouboua,Sotouboua 2,
269,canton_ou_quartier,KERIADE,3524,265.0,Centrale,Sotouboua,Sotouboua 2,
270,canton_ou_quartier,FAZAO,2289,265.0,Centrale,Sotouboua,Sotouboua 2,
271,canton_ou_quartier,AOUDA,17291,265.0,Centrale,Sotouboua,Sotouboua 2,
272,commune,SOTOUBOUA 3,27770,260.0,Centrale,Sotouboua,Sotouboua 3,
273,canton_ou_quartier,TCHEBEBE,16205,272.0,Centrale,Sotouboua,Sotouboua 3,
274,canton_ou_quartier,BODJONDE,2218,272.0,Centrale,Sotouboua,Sotouboua 3,
275,canton_ou_quartier,KAZABOUA,9347,272.0,Centrale,Sotouboua,Sotouboua 3,
276,prefecture,MO,52448,202.0,Centrale,Mô,,
277,commune,MO 1,30522,276.0,Centrale,Mô,Mô 1,
278,canton_ou_quartier,DJARKPANGA,19374,277.0,Centrale,Mô,Mô 1,
279,canton_ou_quartier,KAGNIGBARA,5317,277.0,Centrale,Mô,Mô 1,
280,canton_ou_quartier,BOULOHOU,5831,277.0,Centrale,Mô,Mô 1,
281,commune,MO 2,21926,276.0,Centrale,Mô,Mô 2,
282,canton_ou_quartier,TINDJASSI,14230,281.0,Centrale,Mô,Mô 2,
283,canton_ou_quartier,SAIBOUDE,7696,281.0,Centrale,Mô,Mô 2,
284,region_rgph,PLATEAUX,1635946,2.0,Plateaux,,,
285,prefecture,OGOU,253467,284.0,Plateaux,Ogou,,
286,commune,OGOU 1,116301,285.0,Plateaux,Ogou,Ogou 1,
287,canton_ou_quartier,DJAMA,45885,286.0,Plateaux,Ogou,Ogou 1,
288,canton_ou_quartier,GNAGNA,60222,286.0,Plateaux,Ogou,Ogou 1,
289,canton_ou_quartier,WOUDOU,10194,286.0,Plateaux,Ogou,Ogou 1,
290,commune,OGOU 2,56282,285.0,Plateaux,Ogou,Ogou 2,
291,canton_ou_quartier,DATCHA,15180,290.0,Plateaux,Ogou,Ogou 2,
292,canton_ou_quartier,KATORE,13635,290.0,Plateaux,Ogou,Ogou 2,
293,canton_ou_quartier,AKPARE,27467,290.0,Plateaux,Ogou,Ogou 2,
294,commune,OGOU 3,51836,285.0,Plateaux,Ogou,Ogou 3,
295,canton_ou_quartier,GLEI,51836,294.0,Plateaux,Ogou,Ogou 3,
296,commune,OGOU 4,29048,285.0,Plateaux,Ogou,Ogou 4,
297,canton_ou_quartier,OUNTIVOU,29048,296.0,Plateaux,Ogou,Ogou 4,
298,prefecture,MOYEN-MONO,90505,284.0,Plateaux,Moyen-Mono,,
299,commune,MOYEN-MONO 1,46797,298.0,Plateaux,Moyen-Mono,Moyen-Mono 1,
300,canton_ou_quartier,TOHOUN,18393,299.0,Plateaux,Moyen-Mono,Moyen-Mono 1,
301,canton_ou_quartier,TADO,18476,299.0,Plateaux,Moyen-Mono,Moyen-Mono 1,
302,canton_ou_quartier,AHASSOME,9928,299.0,Plateaux,Moyen-Mono,Moyen-Mono 1,
303,commune,MOYEN-MONO 2,43708,298.0,Plateaux,Moyen-Mono,Moyen-Mono 2,
304,canton_ou_quartier,KPEKPLEME,22135,303.0,Plateaux,Moyen-Mono,Moyen-Mono 2,
305,canton_ou_quartier,KATOME,8105,303.0,Plateaux,Moyen-Mono,Moyen-Mono 2,
306,canton_ou_quartier,SALIGBE,13468,303.0,Plateaux,Moyen-Mono,Moyen-Mono 2,
307,prefecture,HAHO,305096,284.0,Plateaux,Haho,,
308,commune,HAHO 1,119929,307.0,Plateaux,Haho,Haho 1,
309,canton_ou_quartier,NOTSE,58983,308.0,Plateaux,Haho,Haho 1,
310,canton_ou_quartier,ATCHAVE,25560,308.0,Plateaux,Haho,Haho 1,
311,canton_ou_quartier,DALIA,16372,308.0,Plateaux,Haho,Haho 1,
312,canton_ou_quartier,HAHOMEGBE,19014,308.0,Plateaux,Haho,Haho 1,
313,commune,HAHO 2,82507,307.0,Plateaux,Haho,Haho 2,
314,canton_ou_quartier,ASRAMA,50994,313.0,Plateaux,Haho,Haho 2,
315,canton_ou_quartier,DJEMEGNI,31513,313.0,Plateaux,Haho,Haho 2,
316,commune,HAHO 3,58695,307.0,Plateaux,Haho,Haho 3,
317,canton_ou_quartier,KPEDOME,46326,316.0,Plateaux,Haho,Haho 3,
318,canton_ou_quartier,AKPAKPAKPE,12369,316.0,Plateaux,Haho,Haho 3,
319,commune,HAHO 4,43965,307.0,Plateaux,Haho,Haho 4,
320,canton_ou_quartier,WAHALA,36703,319.0,Plateaux,Haho,Haho 4,
321,canton_ou_quartier,AYITO,7262,319.0,Plateaux,Haho,Haho 4,
322,prefecture,AGOU,85793,284.0,Plateaux,Agou,,
323,commune,AGOU 1,58328,322.0,Plateaux,Agou,Agou 1,
324,canton_ou_quartier,AGOU TAVIE,9019,323.0,Plateaux,Agou,Agou 1,
325,canton_ou_quartier,AGOU-AKPLOLO,2609,323.0,Plateaux,Agou,Agou 1,
326,canton_ou_quartier,AGOU KEBO,2708,323.0,Plateaux,Agou,Agou 1,
327,canton_ou_quartier,AGOU YIBOE,2894,323.0,Plateaux,Agou,Agou 1,
328,canton_ou_quartier,KATI,8231,323.0,Plateaux,Agou,Agou 1,
329,canton_ou_quartier,GADJA,20634,323.0,Plateaux,Agou,Agou 1,
330,canton_ou_quartier,AGOU ATIGBE,1845,323.0,Plateaux,Agou,Agou 1,
331,canton_ou_quartier,ADJAHUN FIAGBE,2934,323.0,Plateaux,Agou,Agou 1,
332,canton_ou_quartier,NYOGBO-NORD_NYOGBO-SUD,7454,323.0,Plateaux,Agou,Agou 1,
333,commune,AGOU 2,27465,322.0,Plateaux,Agou,Agou 2,
334,canton_ou_quartier,AMOUSSOU KOPE,11697,333.0,Plateaux,Agou,Agou 2,
335,canton_ou_quartier,ADZAKPA,7436,333.0,Plateaux,Agou,Agou 2,
336,canton_ou_quartier,AGOTIME NORD,8332,333.0,Plateaux,Agou,Agou 2,
337,prefecture,KLOTO,145986,284.0,Plateaux,Kloto,,
338,commune,KLOTO 1,118387,337.0,Plateaux,Kloto,Kloto 1,
339,canton_ou_quartier,AGOME KPALIME,87478,338.0,Plateaux,Kloto,Kloto 1,
340,canton_ou_quartier,YOKELE,3248,338.0,Plateaux,Kloto,Kloto 1,
341,canton_ou_quartier,TOVE,5662,338.0,Plateaux,Kloto,Kloto 1,
342,canton_ou_quartier,TOME,3287,338.0,Plateaux,Kloto,Kloto 1,
343,canton_ou_quartier,GBALAVE,2304,338.0,Plateaux,Kloto,Kloto 1,
344,canton_ou_quartier,HANYIGBA,4455,338.0,Plateaux,Kloto,Kloto 1,
345,canton_ou_quartier,KPADAPE_WOME,11953,338.0,Plateaux,Kloto,Kloto 1,
346,commune,KLOTO 2,16166,337.0,Plateaux,Kloto,Kloto 2,
347,canton_ou_quartier,KPIME,7225,346.0,Plateaux,Kloto,Kloto 2,
348,canton_ou_quartier,LAVIE /LAVIE APEDOME,8941,346.0,Plateaux,Kloto,Kloto 2,
349,commune,KLOTO 3,11433,337.0,Plateaux,Kloto,Kloto 3,
350,canton_ou_quartier,KOUMA,6815,349.0,Plateaux,Kloto,Kloto 3,
351,canton_ou_quartier,AGOME,1785,349.0,Plateaux,Kloto,Kloto 3,
352,canton_ou_quartier,AGOME-TOMEGBE,2833,349.0,Plateaux,Kloto,Kloto 3,
353,prefecture,KPELE,80939,284.0,Plateaux,Kpélé,,
354,commune,KPELE 1,53275,353.0,Plateaux,Kpélé,Kpélé 1,
355,canton_ou_quartier,KPELE-NOVIVE,29987,354.0,Plateaux,Kpélé,Kpélé 1,
356,canton_ou_quartier,AKATA,7655,354.0,Plateaux,Kpélé,Kpélé 1,
357,canton_ou_quartier,KPELE-GOVIE,4629,354.0,Plateaux,Kpélé,Kpélé 1,
358,canton_ou_quartier,KPELE-DAWLOTOU,11004,354.0,Plateaux,Kpélé,Kpélé 1,
359,commune,KPELE 2,27664,353.0,Plateaux,Kpélé,Kpélé 2,
360,canton_ou_quartier,KPELE-CENTRE/GOUDEVE,7262,359.0,Plateaux,Kpélé,Kpélé 2,
361,canton_ou_quartier,KPELE-GBALADZE,3325,359.0,Plateaux,Kpélé,Kpélé 2,
362,canton_ou_quartier,KPELE-KAME,5966,359.0,Plateaux,Kpélé,Kpélé 2,
363,canton_ou_quartier,KPELE-DUTOE,3573,359.0,Plateaux,Kpélé,Kpélé 2,
364,canton_ou_quartier,KPELE-NORD,7538,359.0,Plateaux,Kpélé,Kpélé 2,
365,prefecture,DANYI,40240,284.0,Plateaux,Danyi,,
366,commune,DANYI 1+DANYI 2,40240,365.0,Plateaux,Danyi,Danyi 1 + Danyi 2,unité fusionnée dans la source (« DANYI 1+DANYI 2 ») : population commune non séparable
367,canton_ou_quartier,DANYI-KAKPA,8891,366.0,Plateaux,Danyi,Danyi 1 + Danyi 2,
368,canton_ou_quartier,YIKPA,1243,366.0,Plateaux,Danyi,Danyi 1 + Danyi 2,
369,canton_ou_quartier,DANYI-ATIGBA_DANYI-ELAVANYO,22125,366.0,Plateaux,Danyi,Danyi 1 + Danyi 2,
370,canton_ou_quartier,AHLON,4423,366.0,Plateaux,Danyi,Danyi 1 + Danyi 2,
371,canton_ou_quartier,DANYI KPETO-EVITA,3558,366.0,Plateaux,Danyi,Danyi 1 + Danyi 2,
372,prefecture,WAWA,101300,284.0,Plateaux,Wawa,,
373,commune,WAWA 1,51187,372.0,Plateaux,Wawa,Wawa 1,
374,canton_ou_quartier,BADOU,20144,373.0,Plateaux,Wawa,Wawa 1,
375,canton_ou_quartier,KESSIBO,10490,373.0,Plateaux,Wawa,Wawa 1,
376,canton_ou_quartier,TOMEGBE,8784,373.0,Plateaux,Wawa,Wawa 1,
377,canton_ou_quartier,KPETE BENA,11769,373.0,Plateaux,Wawa,Wawa 1,
378,commune,WAWA 2,20414,372.0,Plateaux,Wawa,Wawa 2,
379,canton_ou_quartier,EKETO_GBANDI-N'KOUGNA_GOBE,20414,378.0,Plateaux,Wawa,Wawa 2,
380,commune,WAWA 3,29699,372.0,Plateaux,Wawa,Wawa 3,
381,canton_ou_quartier,OKOU,4765,380.0,Plateaux,Wawa,Wawa 3,
382,canton_ou_quartier,OUNABE,3477,380.0,Plateaux,Wawa,Wawa 3,
383,canton_ou_quartier,DOUME,4642,380.0,Plateaux,Wawa,Wawa 3,
384,canton_ou_quartier,ZOGBEGAN,10912,380.0,Plateaux,Wawa,Wawa 3,
385,canton_ou_quartier,KLABE EFOUKPA,5903,380.0,Plateaux,Wawa,Wawa 3,
386,prefecture,AKEBOU,73830,284.0,Plateaux,Akébou,,
387,commune,AKEBOU 1,44196,386.0,Plateaux,Akébou,Akébou 1,
388,canton_ou_quartier,KOUGNOHOU,13718,387.0,Plateaux,Akébou,Akébou 1,
389,canton_ou_quartier,VHE,5315,387.0,Plateaux,Akébou,Akébou 1,
390,canton_ou_quartier,DJON,13562,387.0,Plateaux,Akébou,Akébou 1,
391,canton_ou_quartier,GBENDE,6071,387.0,Plateaux,Akébou,Akébou 1,
392,canton_ou_quartier,YALLA,5530,387.0,Plateaux,Akébou,Akébou 1,
393,commune,AKEBOU 2,29634,386.0,Plateaux,Akébou,Akébou 2,
394,canton_ou_quartier,KAMINA,14632,393.0,Plateaux,Akébou,Akébou 2,
395,canton_ou_quartier,KPALAVE,6989,393.0,Plateaux,Akébou,Akébou 2,
396,canton_ou_quartier,SEREGBENE,8013,393.0,Plateaux,Akébou,Akébou 2,
397,prefecture,AMOU,114172,284.0,Plateaux,Amou,,
398,commune,AMOU 1,19746,397.0,Plateaux,Amou,Amou 1,
399,canton_ou_quartier,OUMA-AMLAME,13782,398.0,Plateaux,Amou,Amou 1,
400,canton_ou_quartier,IMLE,4806,398.0,Plateaux,Amou,Amou 1,
401,canton_ou_quartier,ADIVA,1158,398.0,Plateaux,Amou,Amou 1,
402,commune,AMOU 2,40016,397.0,Plateaux,Amou,Amou 2,
403,canton_ou_quartier,AMOU-OBLO,19923,402.0,Plateaux,Amou,Amou 2,
404,canton_ou_quartier,SODO,3920,402.0,Plateaux,Amou,Amou 2,
405,canton_ou_quartier,EKPEGNON,6098,402.0,Plateaux,Amou,Amou 2,
406,canton_ou_quartier,KPATEGAN,10075,402.0,Plateaux,Amou,Amou 2,
407,commune,AMOU 2,54410,397.0,Plateaux,Amou,Amou 3,libellé source « AMOU 2 » en position 3 → Amou 3 (somme des cantons vérifiée)
408,canton_ou_quartier,HIHEATRO,23330,407.0,Plateaux,Amou,Amou 3,
409,canton_ou_quartier,OKPAHOE,1247,407.0,Plateaux,Amou,Amou 3,
410,canton_ou_quartier,OTADI,5421,407.0,Plateaux,Amou,Amou 3,
411,canton_ou_quartier,GAME,7377,407.0,Plateaux,Amou,Amou 3,
412,canton_ou_quartier,AVEDJE-ITADI,3116,407.0,Plateaux,Amou,Amou 3,
413,canton_ou_quartier,TEMEDJA,9026,407.0,Plateaux,Amou,Amou 3,
414,canton_ou_quartier,EVOU,4893,407.0,Plateaux,Amou,Amou 3,
415,prefecture,ANIE,180158,284.0,Plateaux,Anié,,
416,commune,ANIE 1,100745,415.0,Plateaux,Anié,Anié 1,
417,canton_ou_quartier,ANIE,78455,416.0,Plateaux,Anié,Anié 1,
418,canton_ou_quartier,PALLAKOKO,7372,416.0,Plateaux,Anié,Anié 1,
419,canton_ou_quartier,KOLO-KOPE,14918,416.0,Plateaux,Anié,Anié 1,
420,commune,ANIE 2,79413,415.0,Plateaux,Anié,Anié 2,
421,canton_ou_quartier,ADOGBENOU,37998,420.0,Plateaux,Anié,Anié 2,
422,canton_ou_quartier,GLITTO,23415,420.0,Plateaux,Anié,Anié 2,
423,canton_ou_quartier,ATCHINEDJI,18000,420.0,Plateaux,Anié,Anié 2,
424,prefecture,EST-MONO,164460,284.0,Plateaux,Est-Mono,,
425,commune,EST-MONO 1,34652,424.0,Plateaux,Est-Mono,Est-Mono 1,
426,canton_ou_quartier,ELAVAGNON,25016,425.0,Plateaux,Est-Mono,Est-Mono 1,
427,canton_ou_quartier,GBADJAHE,9636,425.0,Plateaux,Est-Mono,Est-Mono 1,
428,commune,EST-MONO 2,101866,424.0,Plateaux,Est-Mono,Est-Mono 2,
429,canton_ou_quartier,MORETAN,49295,428.0,Plateaux,Est-Mono,Est-Mono 2,
430,canton_ou_quartier,BADIN,26879,428.0,Plateaux,Est-Mono,Est-Mono 2,
431,canton_ou_quartier,KAMINA,25692,428.0,Plateaux,Est-Mono,Est-Mono 2,
432,commune,EST-MONO 1,27942,424.0,Plateaux,Est-Mono,Est-Mono 3,libellé source « EST-MONO 1 » en position 3 → Est-Mono 3 (somme des cantons vérifiée)
433,canton_ou_quartier,NYAMASSILA,16032,432.0,Plateaux,Est-Mono,Est-Mono 3,
434,canton_ou_quartier,KPESSI,11910,432.0,Plateaux,Est-Mono,Est-Mono 3,
435,region_rgph,MARITIME,1346615,2.0,Maritime,,,
436,prefecture,ZIO,500032,435.0,Maritime,Zio,,
437,commune,ZIO 1,307292,436.0,Maritime,Zio,Zio 1,
438,canton_ou_quartier,TSEVIE,81568,437.0,Maritime,Zio,Zio 1,
439,canton_ou_quartier,GBATOPE,26317,437.0,Maritime,Zio,Zio 1,
440,canton_ou_quartier,KPOME,18991,437.0,Maritime,Zio,Zio 1,
441,canton_ou_quartier,ABOBO,40622,437.0,Maritime,Zio,Zio 1,
442,canton_ou_quartier,DJAGBLE,65455,437.0,Maritime,Zio,Zio 1,
443,canton_ou_quartier,DALAVE,24596,437.0,Maritime,Zio,Zio 1,
444,canton_ou_quartier,DAVIE,40518,437.0,Maritime,Zio,Zio 1,
445,canton_ou_quartier,GBLAINVIE,9225,437.0,Maritime,Zio,Zio 1,
446,commune,ZIO 2,96193,436.0,Maritime,Zio,Zio 2,
447,canton_ou_quartier,KOVIE,20834,446.0,Maritime,Zio,Zio 2,
448,canton_ou_quartier,WLI,5687,446.0,Maritime,Zio,Zio 2,
449,canton_ou_quartier,BOLOU,12878,446.0,Maritime,Zio,Zio 2,
450,canton_ou_quartier,MISSION TOVE,56794,446.0,Maritime,Zio,Zio 2,
451,commune,ZIO 3,67843,436.0,Maritime,Zio,Zio 3,
452,canton_ou_quartier,AGBELOUVE,50219,451.0,Maritime,Zio,Zio 3,
453,canton_ou_quartier,GAME,17624,451.0,Maritime,Zio,Zio 3,
454,commune,ZIO 4,28704,436.0,Maritime,Zio,Zio 4,
455,canton_ou_quartier,GAPE-CENTRE,20215,454.0,Maritime,Zio,Zio 4,
456,canton_ou_quartier,GAPE-KPODJI,8489,454.0,Maritime,Zio,Zio 4,
457,prefecture,YOTO,174851,435.0,Maritime,Yoto,,
458,commune,YOTO 1,77353,457.0,Maritime,Yoto,Yoto 1,
459,canton_ou_quartier,TABLIGBO,37182,458.0,Maritime,Yoto,Yoto 1,
460,canton_ou_quartier,KOUVE,21986,458.0,Maritime,Yoto,Yoto 1,
461,canton_ou_quartier,AMOUSSIME,12720,458.0,Maritime,Yoto,Yoto 1,
462,canton_ou_quartier,KINI-KONDJI,5465,458.0,Maritime,Yoto,Yoto 1,
463,commune,YOTO 2,43412,457.0,Maritime,Yoto,Yoto 2,
464,canton_ou_quartier,AHEPE,18138,463.0,Maritime,Yoto,Yoto 2,
465,canton_ou_quartier,TCHEKPO,14591,463.0,Maritime,Yoto,Yoto 2,
466,canton_ou_quartier,ZAFI,10683,463.0,Maritime,Yoto,Yoto 2,
467,commune,YOTO 3,54086,457.0,Maritime,Yoto,Yoto 3,
468,canton_ou_quartier,TOKPLI,13998,467.0,Maritime,Yoto,Yoto 3,
469,canton_ou_quartier,GBOTO,13168,467.0,Maritime,Yoto,Yoto 3,
470,canton_ou_quartier,TOMETY-KONDJI,9068,467.0,Maritime,Yoto,Yoto 3,
471,canton_ou_quartier,SEDOME,9955,467.0,Maritime,Yoto,Yoto 3,
472,canton_ou_quartier,ESSE-GODJIN,7897,467.0,Maritime,Yoto,Yoto 3,
473,prefecture,BAS-MONO,94860,435.0,Maritime,Bas-Mono,,
474,commune,BAS-MONO 1,55382,473.0,Maritime,Bas-Mono,Bas-Mono 1,
475,canton_ou_quartier,AFAGNAGAN,19478,474.0,Maritime,Bas-Mono,Bas-Mono 1,
476,canton_ou_quartier,AFAGNAN,15929,474.0,Maritime,Bas-Mono,Bas-Mono 1,
477,canton_ou_quartier,AGOME-GLOZOU,7254,474.0,Maritime,Bas-Mono,Bas-Mono 1,
478,canton_ou_quartier,KPETSOU,12721,474.0,Maritime,Bas-Mono,Bas-Mono 1,
479,commune,BAS-MONO 2,39478,473.0,Maritime,Bas-Mono,Bas-Mono 2,
480,canton_ou_quartier,ATTITOGON,31288,479.0,Maritime,Bas-Mono,Bas-Mono 2,
481,canton_ou_quartier,AGBETIKO,4087,479.0,Maritime,Bas-Mono,Bas-Mono 2,
482,canton_ou_quartier,HOMPOU,4103,479.0,Maritime,Bas-Mono,Bas-Mono 2,
483,prefecture,LACS,241247,435.0,Maritime,Lacs,,
484,commune,LACS 1,52994,483.0,Maritime,Lacs,Lacs 1,
485,canton_ou_quartier,ANEHO,28237,484.0,Maritime,Lacs,Lacs 1,
486,canton_ou_quartier,GLIDJI,24757,484.0,Maritime,Lacs,Lacs 1,
487,commune,LACS 2,42855,483.0,Maritime,Lacs,Lacs 2,
488,canton_ou_quartier,AKLAKOU,31030,487.0,Maritime,Lacs,Lacs 2,
489,canton_ou_quartier,AGOUEGAN,11825,487.0,Maritime,Lacs,Lacs 2,
490,commune,LACS 3,108176,483.0,Maritime,Lacs,Lacs 3,
491,canton_ou_quartier,AGBODRAFO,35262,490.0,Maritime,Lacs,Lacs 3,
492,canton_ou_quartier,GBODJOME,72914,490.0,Maritime,Lacs,Lacs 3,
493,commune,LACS 4,37222,483.0,Maritime,Lacs,Lacs 4,
494,canton_ou_quartier,ANFOIN,17172,493.0,Maritime,Lacs,Lacs 4,
495,canton_ou_quartier,GANAVE,11062,493.0,Maritime,Lacs,Lacs 4,
496,canton_ou_quartier,FIATA,8988,493.0,Maritime,Lacs,Lacs 4,
497,prefecture,VO,224411,435.0,Maritime,Vo,,
498,commune,VO 1,88865,497.0,Maritime,Vo,Vo 1,
499,canton_ou_quartier,VOGAN,64675,498.0,Maritime,Vo,Vo 1,
500,canton_ou_quartier,VO-KOUTIME,24190,498.0,Maritime,Vo,Vo 1,
501,commune,VO 2,24396,497.0,Maritime,Vo,Vo 2,
502,canton_ou_quartier,TOGOVILLE,18253,501.0,Maritime,Vo,Vo 2,
503,canton_ou_quartier,ANYRON KOPE,6143,501.0,Maritime,Vo,Vo 2,
504,commune,VO 3,64651,497.0,Maritime,Vo,Vo 3,
505,canton_ou_quartier,DZREKPO,29687,504.0,Maritime,Vo,Vo 3,
506,canton_ou_quartier,DAGBATI,18206,504.0,Maritime,Vo,Vo 3,
507,canton_ou_quartier,MOME-HOUNKPATI,16758,504.0,Maritime,Vo,Vo 3,
508,commune,VO 4,46499,497.0,Maritime,Vo,Vo 4,
509,canton_ou_quartier,AKOUMAPE,19187,508.0,Maritime,Vo,Vo 4,
510,canton_ou_quartier,SEVAGAN,12919,508.0,Maritime,Vo,Vo 4,
511,canton_ou_quartier,HAHOTOE,14393,508.0,Maritime,Vo,Vo 4,
512,prefecture,TOTOAL AVE,111214,435.0,Maritime,Avé,,libellé source « TOTOAL AVE » → Avé
513,commune,AVE 1,75044,512.0,Maritime,Avé,Avé 1,
514,canton_ou_quartier,KEVE,11735,513.0,Maritime,Avé,Avé 1,
515,canton_ou_quartier,DZOLO,8101,513.0,Maritime,Avé,Avé 1,
516,canton_ou_quartier,EDZI,1832,513.0,Maritime,Avé,Avé 1,
517,canton_ou_quartier,TOVEGAN,12732,513.0,Maritime,Avé,Avé 1,
518,canton_ou_quartier,ASSAHOUN/ANDO,40644,513.0,Maritime,Avé,Avé 1,
519,commune,AVE 2,36170,512.0,Maritime,Avé,Avé 2,
520,canton_ou_quartier,NOEPE,9796,519.0,Maritime,Avé,Avé 2,
521,canton_ou_quartier,BADJA,9413,519.0,Maritime,Avé,Avé 2,
522,canton_ou_quartier,AKEPE,16961,519.0,Maritime,Avé,Avé 2,
523,region_rgph,DAGL,2188376,2.0,Maritime,,,
524,prefecture,GOLFE,1305681,523.0,Maritime,Golfe,,
525,commune,GOLFE 1,351550,524.0,Maritime,Golfe,Golfe 1,
526,canton_ou_quartier,BE,10815,525.0,Maritime,Golfe,Golfe 1,
527,canton_ou_quartier,GBENYEDJI,11299,525.0,Maritime,Golfe,Golfe 1,
528,canton_ou_quartier,WETE,11088,525.0,Maritime,Golfe,Golfe 1,
529,canton_ou_quartier,BE HEDJE,11686,525.0,Maritime,Golfe,Golfe 1,
530,canton_ou_quartier,N'TIFAFA KOME,4539,525.0,Maritime,Golfe,Golfe 1,
531,canton_ou_quartier,BE KPOTA,41682,525.0,Maritime,Golfe,Golfe 1,
532,canton_ou_quartier,ANFAME,62588,525.0,Maritime,Golfe,Golfe 1,
533,canton_ou_quartier,KLOBATEME,6852,525.0,Maritime,Golfe,Golfe 1,
534,canton_ou_quartier,ADAKPAME,35094,525.0,Maritime,Golfe,Golfe 1,
535,canton_ou_quartier,KANYIKOPE,26457,525.0,Maritime,Golfe,Golfe 1,
536,canton_ou_quartier,AKODESSEWA KPONOU,14510,525.0,Maritime,Golfe,Golfe 1,
537,canton_ou_quartier,AKODESSEWA KPOTA,11683,525.0,Maritime,Golfe,Golfe 1,
538,canton_ou_quartier,ZONE PORTUAIRE,8205,525.0,Maritime,Golfe,Golfe 1,
539,canton_ou_quartier,AKODESSEWA,6521,525.0,Maritime,Golfe,Golfe 1,
540,canton_ou_quartier,ABLOGAME,8155,525.0,Maritime,Golfe,Golfe 1,
541,canton_ou_quartier,BE AHLIGO,6339,525.0,Maritime,Golfe,Golfe 1,
542,canton_ou_quartier,KOTOKOU KONDJI,4044,525.0,Maritime,Golfe,Golfe 1,
543,canton_ou_quartier,ANTONIO NETIME,1564,525.0,Maritime,Golfe,Golfe 1,
544,canton_ou_quartier,SOUZA NETIME,17147,525.0,Maritime,Golfe,Golfe 1,
545,canton_ou_quartier,BE KPEHENOU,6569,525.0,Maritime,Golfe,Golfe 1,
546,canton_ou_quartier,BE APEYEME,12253,525.0,Maritime,Golfe,Golfe 1,
547,canton_ou_quartier,KELEGOUGAN1,13145,525.0,Maritime,Golfe,Golfe 1,
548,canton_ou_quartier,ATIEGOU1,19315,525.0,Maritime,Golfe,Golfe 1,
549,commune,GOLFE 2,136153,524.0,Maritime,Golfe,Golfe 2,
550,canton_ou_quartier,HEDZRANAWOE,51637,549.0,Maritime,Golfe,Golfe 2,
551,canton_ou_quartier,KELEGOUGAN 2,14240,549.0,Maritime,Golfe,Golfe 2,
552,canton_ou_quartier,TOKOIN AEROPORT,189,549.0,Maritime,Golfe,Golfe 2,
553,canton_ou_quartier,TOKOIN N'KAFU,11864,549.0,Maritime,Golfe,Golfe 2,
554,canton_ou_quartier,SAINT JOSEPH,5778,549.0,Maritime,Golfe,Golfe 2,
555,canton_ou_quartier,TOKOIN FOREVER,2898,549.0,Maritime,Golfe,Golfe 2,
556,canton_ou_quartier,TOKOIN TAME,4187,549.0,Maritime,Golfe,Golfe 2,
557,canton_ou_quartier,TOKOIN WUITI,18385,549.0,Maritime,Golfe,Golfe 2,
558,canton_ou_quartier,ATIEGOU 2,26975,549.0,Maritime,Golfe,Golfe 2,
559,commune,GOLFE 3,52769,524.0,Maritime,Golfe,Golfe 3,
560,canton_ou_quartier,DOUMASSESSE,20792,559.0,Maritime,Golfe,Golfe 3,
561,canton_ou_quartier,UNIVERSITE DE LOME,2157,559.0,Maritime,Golfe,Golfe 3,
562,canton_ou_quartier,RESIDENCE DU BENIN,1101,559.0,Maritime,Golfe,Golfe 3,
563,canton_ou_quartier,LOME II,10902,559.0,Maritime,Golfe,Golfe 3,
564,canton_ou_quartier,GBONVIE,6534,559.0,Maritime,Golfe,Golfe 3,
565,canton_ou_quartier,TOKOIN LYCEE,3248,559.0,Maritime,Golfe,Golfe 3,
566,canton_ou_quartier,TOKOIN ELAVAGNON,7273,559.0,Maritime,Golfe,Golfe 3,
567,canton_ou_quartier,KELEGOUGAN 3,762,559.0,Maritime,Golfe,Golfe 3,
568,commune,GOLFE 4,155842,524.0,Maritime,Golfe,Golfe 4,
569,canton_ou_quartier,AMOUTIVE,5344,568.0,Maritime,Golfe,Golfe 4,
570,canton_ou_quartier,BASSADJI,2230,568.0,Maritime,Golfe,Golfe 4,
571,canton_ou_quartier,LOM NAVA,9413,568.0,Maritime,Golfe,Golfe 4,
572,canton_ou_quartier,ABOBOKOME,1432,568.0,Maritime,Golfe,Golfe 4,
573,canton_ou_quartier,AGUIAKOME,3499,568.0,Maritime,Golfe,Golfe 4,
574,canton_ou_quartier,BENIGLATO,3051,568.0,Maritime,Golfe,Golfe 4,
575,canton_ou_quartier,ADAWLATO,132,568.0,Maritime,Golfe,Golfe 4,
576,canton_ou_quartier,AGBADAHONOU,534,568.0,Maritime,Golfe,Golfe 4,
577,canton_ou_quartier,KOKETIME,642,568.0,Maritime,Golfe,Golfe 4,
578,canton_ou_quartier,SANGUERA,956,568.0,Maritime,Golfe,Golfe 4,
579,canton_ou_quartier,FREAU JARDIN,715,568.0,Maritime,Golfe,Golfe 4,
580,canton_ou_quartier,WETRIVI KONDJI,1376,568.0,Maritime,Golfe,Golfe 4,
581,canton_ou_quartier,ADOBOUKOME,2003,568.0,Maritime,Golfe,Golfe 4,
582,canton_ou_quartier,QUARTIER ADMINISTRATIF,3421,568.0,Maritime,Golfe,Golfe 4,
583,canton_ou_quartier,KODJOVIAKOPE,14848,568.0,Maritime,Golfe,Golfe 4,
584,canton_ou_quartier,NYEKONAKPOE,22100,568.0,Maritime,Golfe,Golfe 4,
585,canton_ou_quartier,OCTAVIONO NETIME,5562,568.0,Maritime,Golfe,Golfe 4,
586,canton_ou_quartier,HANOUKOPE,2806,568.0,Maritime,Golfe,Golfe 4,
587,canton_ou_quartier,DOULASSAME,8328,568.0,Maritime,Golfe,Golfe 4,
588,canton_ou_quartier,TOKOIN OUEST,9451,568.0,Maritime,Golfe,Golfe 4,
589,canton_ou_quartier,TOKOIN HOPITAL,6256,568.0,Maritime,Golfe,Golfe 4,
590,canton_ou_quartier,TOKOIN GBADAGO,11883,568.0,Maritime,Golfe,Golfe 4,
591,canton_ou_quartier,TOKOIN SOLIDARITE,9810,568.0,Maritime,Golfe,Golfe 4,
592,canton_ou_quartier,DOGBEAVOU,10365,568.0,Maritime,Golfe,Golfe 4,
593,canton_ou_quartier,CASABLANCA,1993,568.0,Maritime,Golfe,Golfe 4,
594,canton_ou_quartier,ABOVE,5000,568.0,Maritime,Golfe,Golfe 4,
595,canton_ou_quartier,AKOSSOMBO,3742,568.0,Maritime,Golfe,Golfe 4,
596,canton_ou_quartier,BE KLIKAME,8950,568.0,Maritime,Golfe,Golfe 4,
597,commune,GOLFE 5,169993,524.0,Maritime,Golfe,Golfe 5,
598,canton_ou_quartier,AFLAO GAKLI,17108,597.0,Maritime,Golfe,Golfe 5,
599,canton_ou_quartier,AVENOU BATOME,4829,597.0,Maritime,Golfe,Golfe 5,
600,canton_ou_quartier,SOVIEPE,11021,597.0,Maritime,Golfe,Golfe 5,
601,canton_ou_quartier,TOTSI,25559,597.0,Maritime,Golfe,Golfe 5,
602,canton_ou_quartier,AGBALEPEDOGAN,22076,597.0,Maritime,Golfe,Golfe 5,
603,canton_ou_quartier,ANYIGBE,6313,597.0,Maritime,Golfe,Golfe 5,
604,canton_ou_quartier,TESHIE,3087,597.0,Maritime,Golfe,Golfe 5,
605,canton_ou_quartier,AMADAHOME,15647,597.0,Maritime,Golfe,Golfe 5,
606,canton_ou_quartier,APEDOKOE,14800,597.0,Maritime,Golfe,Golfe 5,
607,canton_ou_quartier,WESSOME,11547,597.0,Maritime,Golfe,Golfe 5,
608,canton_ou_quartier,AVEDJI TELESSOU,31612,597.0,Maritime,Golfe,Golfe 5,
609,canton_ou_quartier,ADIDOADIN,6394,597.0,Maritime,Golfe,Golfe 5,
610,commune,GOLFE 6,181561,524.0,Maritime,Golfe,Golfe 6,
611,canton_ou_quartier,BAGUIDA,46017,610.0,Maritime,Golfe,Golfe 6,
612,canton_ou_quartier,ADAMAVO,56103,610.0,Maritime,Golfe,Golfe 6,
613,canton_ou_quartier,AVEPOZO,15685,610.0,Maritime,Golfe,Golfe 6,
614,canton_ou_quartier,DEVEGO,26711,610.0,Maritime,Golfe,Golfe 6,
615,canton_ou_quartier,AGODEKE,19101,610.0,Maritime,Golfe,Golfe 6,
616,canton_ou_quartier,KPOGAN,17944,610.0,Maritime,Golfe,Golfe 6,
617,commune,GOLFE 7,257813,524.0,Maritime,Golfe,Golfe 7,
618,canton_ou_quartier,SAGBADO,8274,617.0,Maritime,Golfe,Golfe 7,
619,canton_ou_quartier,AGOTIME,6442,617.0,Maritime,Golfe,Golfe 7,
620,canton_ou_quartier,LOGOTE,26035,617.0,Maritime,Golfe,Golfe 7,
621,canton_ou_quartier,LANKOUVI SAKANI,10253,617.0,Maritime,Golfe,Golfe 7,
622,canton_ou_quartier,AKATO VIEPE,13497,617.0,Maritime,Golfe,Golfe 7,
623,canton_ou_quartier,AKATO AVOEME,7336,617.0,Maritime,Golfe,Golfe 7,
624,canton_ou_quartier,AKATO DEME,5146,617.0,Maritime,Golfe,Golfe 7,
625,canton_ou_quartier,SEGBE DOUANE,10154,617.0,Maritime,Golfe,Golfe 7,
626,canton_ou_quartier,SEGBEGAN,4865,617.0,Maritime,Golfe,Golfe 7,
627,canton_ou_quartier,SAGBADO ZANVI,5754,617.0,Maritime,Golfe,Golfe 7,
628,canton_ou_quartier,KLEME YEWEPE,14823,617.0,Maritime,Golfe,Golfe 7,
629,canton_ou_quartier,KLEME AGOKPANOU,13068,617.0,Maritime,Golfe,Golfe 7,
630,canton_ou_quartier,WOUGOME,11509,617.0,Maritime,Golfe,Golfe 7,
631,canton_ou_quartier,DEKPOR /WOUGOME DEKPOR,3648,617.0,Maritime,Golfe,Golfe 7,
632,canton_ou_quartier,APEDOKOE GBOMAME,19660,617.0,Maritime,Golfe,Golfe 7,
633,canton_ou_quartier,APEDOKOE AGOKPANOU,13316,617.0,Maritime,Golfe,Golfe 7,
634,canton_ou_quartier,SAGBADO ASSIYEYE,8195,617.0,Maritime,Golfe,Golfe 7,
635,canton_ou_quartier,WONYOME,4105,617.0,Maritime,Golfe,Golfe 7,
636,canton_ou_quartier,YOKOE AGBLEGAN,23494,617.0,Maritime,Golfe,Golfe 7,
637,canton_ou_quartier,ABLOGOME,4167,617.0,Maritime,Golfe,Golfe 7,
638,canton_ou_quartier,AWATAME,20349,617.0,Maritime,Golfe,Golfe 7,
639,canton_ou_quartier,GBLENKOMEGAN,12769,617.0,Maritime,Golfe,Golfe 7,
640,canton_ou_quartier,YOKOE KOPEGAN,4852,617.0,Maritime,Golfe,Golfe 7,
641,canton_ou_quartier,LANKOUVI,6102,617.0,Maritime,Golfe,Golfe 7,
642,prefecture,AGOE-NYIVE,882695,523.0,Maritime,Agoè-Nyivé,,
643,commune,AGOE-NYIVE 1,317255,642.0,Maritime,Agoè-Nyivé,Agoè-Nyivé 1,
644,canton_ou_quartier,HOUMBI,6410,643.0,Maritime,Agoè-Nyivé,Agoè-Nyivé 1,
645,canton_ou_quartier,ADOUIKO,19470,643.0,Maritime,Agoè-Nyivé,Agoè-Nyivé 1,
646,canton_ou_quartier,ADJOUGBA,4316,643.0,Maritime,Agoè-Nyivé,Agoè-Nyivé 1,
647,canton_ou_quartier,TOGOME,23145,643.0,Maritime,Agoè-Nyivé,Agoè-Nyivé 1,
648,canton_ou_quartier,KELEGOUGAN DIGBLE,6216,643.0,Maritime,Agoè-Nyivé,Agoè-Nyivé 1,
649,canton_ou_quartier,DJIGBLE,11680,643.0,Maritime,Agoè-Nyivé,Agoè-Nyivé 1,
650,canton_ou_quartier,NYAVIME AVEYIME,6259,643.0,Maritime,Agoè-Nyivé,Agoè-Nyivé 1,
651,canton_ou_quartier,KITIDJAN,12957,643.0,Maritime,Agoè-Nyivé,Agoè-Nyivé 1,
652,canton_ou_quartier,NYIVEME + APELEBUIME,4727,643.0,Maritime,Agoè-Nyivé,Agoè-Nyivé 1,
653,canton_ou_quartier,TOTSI NYIVEME,14607,643.0,Maritime,Agoè-Nyivé,Agoè-Nyivé 1,
654,canton_ou_quartier,TOTSI KPATEFI,6826,643.0,Maritime,Agoè-Nyivé,Agoè-Nyivé 1,
655,canton_ou_quartier,TOTSI KLEVEGBLE,4261,643.0,Maritime,Agoè-Nyivé,Agoè-Nyivé 1,
656,canton_ou_quartier,ANOMEGBLE,9152,643.0,Maritime,Agoè-Nyivé,Agoè-Nyivé 1,
657,canton_ou_quartier,ANOME GBONVE,9735,643.0,Maritime,Agoè-Nyivé,Agoè-Nyivé 1,
658,canton_ou_quartier,TELESSOU ADOKPO KOPE,10808,643.0,Maritime,Agoè-Nyivé,Agoè-Nyivé 1,
659,canton_ou_quartier,LOGOPE KPATEFI,14966,643.0,Maritime,Agoè-Nyivé,Agoè-Nyivé 1,
660,canton_ou_quartier,HOUMBIGBLE,4267,643.0,Maritime,Agoè-Nyivé,Agoè-Nyivé 1,
661,canton_ou_quartier,AHONGAKOPE ASSIYEYE,5188,643.0,Maritime,Agoè-Nyivé,Agoè-Nyivé 1,
662,canton_ou_quartier,KLEVE,6081,643.0,Maritime,Agoè-Nyivé,Agoè-Nyivé 1,
663,canton_ou_quartier,ATSANVE,8216,643.0,Maritime,Agoè-Nyivé,Agoè-Nyivé 1,
664,canton_ou_quartier,DEMAKPOE,22858,643.0,Maritime,Agoè-Nyivé,Agoè-Nyivé 1,
665,canton_ou_quartier,APEGNIGBI,7222,643.0,Maritime,Agoè-Nyivé,Agoè-Nyivé 1,
666,canton_ou_quartier,FIOVI,10202,643.0,Maritime,Agoè-Nyivé,Agoè-Nyivé 1,
667,canton_ou_quartier,LOGOPE ATSANVE,5630,643.0,Maritime,Agoè-Nyivé,Agoè-Nyivé 1,
668,canton_ou_quartier,LOGOPE,6101,643.0,Maritime,Agoè-Nyivé,Agoè-Nyivé 1,
669,canton_ou_quartier,ANOKUI,2197,643.0,Maritime,Agoè-Nyivé,Agoè-Nyivé 1,
670,canton_ou_quartier,ANOKUI NOGO,13384,643.0,Maritime,Agoè-Nyivé,Agoè-Nyivé 1,
671,canton_ou_quartier,SOGBOSSITO,11798,643.0,Maritime,Agoè-Nyivé,Agoè-Nyivé 1,
672,canton_ou_quartier,KOVE APELEBUIME,2627,643.0,Maritime,Agoè-Nyivé,Agoè-Nyivé 1,
673,canton_ou_quartier,SOGBOSSITO AZIALE KOPE,1942,643.0,Maritime,Agoè-Nyivé,Agoè-Nyivé 1,
674,canton_ou_quartier,ANOKUI KOME KOPE,1896,643.0,Maritime,Agoè-Nyivé,Agoè-Nyivé 1,
675,canton_ou_quartier,APELEBUIME,847,643.0,Maritime,Agoè-Nyivé,Agoè-Nyivé 1,
676,canton_ou_quartier,DARA KOPE,3818,643.0,Maritime,Agoè-Nyivé,Agoè-Nyivé 1,
677,canton_ou_quartier,GNAMASSIGAN,6893,643.0,Maritime,Agoè-Nyivé,Agoè-Nyivé 1,
678,canton_ou_quartier,KLEVE APENYIGBE,3970,643.0,Maritime,Agoè-Nyivé,Agoè-Nyivé 1,
679,canton_ou_quartier,KLEVE ASSIYEYE,9314,643.0,Maritime,Agoè-Nyivé,Agoè-Nyivé 1,
680,canton_ou_quartier,KPATEFI ADIDODOKPO,2252,643.0,Maritime,Agoè-Nyivé,Agoè-Nyivé 1,
681,canton_ou_quartier,TELESSOU AGBODEKA KOPE,9670,643.0,Maritime,Agoè-Nyivé,Agoè-Nyivé 1,
682,canton_ou_quartier,AZOGBEGAN,5347,643.0,Maritime,Agoè-Nyivé,Agoè-Nyivé 1,
683,commune,AGOE-NYIVE 2,128164,642.0,Maritime,Agoè-Nyivé,Agoè-Nyivé 2,
684,canton_ou_quartier,LEGBASSITO,13516,683.0,Maritime,Agoè-Nyivé,Agoè-Nyivé 2,
685,canton_ou_quartier,AGOSSITO,2914,683.0,Maritime,Agoè-Nyivé,Agoè-Nyivé 2,
686,canton_ou_quartier,AHONKPOE,16467,683.0,Maritime,Agoè-Nyivé,Agoè-Nyivé 2,
687,canton_ou_quartier,YOHONOU,1577,683.0,Maritime,Agoè-Nyivé,Agoè-Nyivé 2,
688,canton_ou_quartier,KOVE SIVAGNON KOPE,9065,683.0,Maritime,Agoè-Nyivé,Agoè-Nyivé 2,
689,canton_ou_quartier,KPOKPLOVIME,8232,683.0,Maritime,Agoè-Nyivé,Agoè-Nyivé 2,
690,canton_ou_quartier,DALIME,1456,683.0,Maritime,Agoè-Nyivé,Agoè-Nyivé 2,
691,canton_ou_quartier,DALIKO,16109,683.0,Maritime,Agoè-Nyivé,Agoè-Nyivé 2,
692,canton_ou_quartier,AMEDENTA AKI KOPE,3191,683.0,Maritime,Agoè-Nyivé,Agoè-Nyivé 2,
693,canton_ou_quartier,AMADENTA ANAGLI KOPE,2188,683.0,Maritime,Agoè-Nyivé,Agoè-Nyivé 2,
694,canton_ou_quartier,DOUTHE KOPE,2215,683.0,Maritime,Agoè-Nyivé,Agoè-Nyivé 2,
695,canton_ou_quartier,ASSIKO,2268,683.0,Maritime,Agoè-Nyivé,Agoè-Nyivé 2,
696,canton_ou_quartier,BOKPOKO,1289,683.0,Maritime,Agoè-Nyivé,Agoè-Nyivé 2,
697,canton_ou_quartier,SILIVI KOPE OU ADIDOME,4767,683.0,Maritime,Agoè-Nyivé,Agoè-Nyivé 2,
698,canton_ou_quartier,AVINATO,3504,683.0,Maritime,Agoè-Nyivé,Agoè-Nyivé 2,
699,canton_ou_quartier,ATHIEME AHONKPOE,8104,683.0,Maritime,Agoè-Nyivé,Agoè-Nyivé 2,
700,canton_ou_quartier,ATHIEME,8384,683.0,Maritime,Agoè-Nyivé,Agoè-Nyivé 2,
701,canton_ou_quartier,MADJIKPETO,6446,683.0,Maritime,Agoè-Nyivé,Agoè-Nyivé 2,
702,canton_ou_quartier,ZOVADJIN,4555,683.0,Maritime,Agoè-Nyivé,Agoè-Nyivé 2,
703,canton_ou_quartier,KOVE AHONDJI KOPE,11917,683.0,Maritime,Agoè-Nyivé,Agoè-Nyivé 2,
704,commune,AGOE-NYIVE 3,47554,642.0,Maritime,Agoè-Nyivé,Agoè-Nyivé 3,
705,canton_ou_quartier,ATSANVE,8969,704.0,Maritime,Agoè-Nyivé,Agoè-Nyivé 3,
706,canton_ou_quartier,AWOUDJA KOPE,24218,704.0,Maritime,Agoè-Nyivé,Agoè-Nyivé 3,
707,canton_ou_quartier,ELAVANYO ATSANVE,7707,704.0,Maritime,Agoè-Nyivé,Agoè-Nyivé 3,
708,canton_ou_quartier,ELAVANYO KLEVE,2714,704.0,Maritime,Agoè-Nyivé,Agoè-Nyivé 3,
709,canton_ou_quartier,HOSSOUKOPE,3946,704.0,Maritime,Agoè-Nyivé,Agoè-Nyivé 3,
710,commune,AGOE-NYIVE 4,154431,642.0,Maritime,Agoè-Nyivé,Agoè-Nyivé 4,
711,canton_ou_quartier,TOGBLE CENTRE,5839,710.0,Maritime,Agoè-Nyivé,Agoè-Nyivé 4,
712,canton_ou_quartier,FIDOKPUI,15097,710.0,Maritime,Agoè-Nyivé,Agoè-Nyivé 4,
713,canton_ou_quartier,GUENOU KOPE,14383,710.0,Maritime,Agoè-Nyivé,Agoè-Nyivé 4,
714,canton_ou_quartier,DIKAME,16203,710.0,Maritime,Agoè-Nyivé,Agoè-Nyivé 4,
715,canton_ou_quartier,BOKOR KOPE,19051,710.0,Maritime,Agoè-Nyivé,Agoè-Nyivé 4,
716,canton_ou_quartier,KOTOKOLI ZONZO,11492,710.0,Maritime,Agoè-Nyivé,Agoè-Nyivé 4,
717,canton_ou_quartier,HAOUSSA ZONGO,12509,710.0,Maritime,Agoè-Nyivé,Agoè-Nyivé 4,
718,canton_ou_quartier,DJELEDZI,16076,710.0,Maritime,Agoè-Nyivé,Agoè-Nyivé 4,
719,canton_ou_quartier,DEGOME,11166,710.0,Maritime,Agoè-Nyivé,Agoè-Nyivé 4,
720,canton_ou_quartier,AKOIN,11373,710.0,Maritime,Agoè-Nyivé,Agoè-Nyivé 4,
721,canton_ou_quartier,ATSANVE,1566,710.0,Maritime,Agoè-Nyivé,Agoè-Nyivé 4,
722,canton_ou_quartier,AVEYIME,889,710.0,Maritime,Agoè-Nyivé,Agoè-Nyivé 4,
723,canton_ou_quartier,ALINKA,7961,710.0,Maritime,Agoè-Nyivé,Agoè-Nyivé 4,
724,canton_ou_quartier,ALINKA NYIVEMEGBLE,4932,710.0,Maritime,Agoè-Nyivé,Agoè-Nyivé 4,
725,canton_ou_quartier,TOWOUGANOU,1997,710.0,Maritime,Agoè-Nyivé,Agoè-Nyivé 4,
726,canton_ou_quartier,KPEDEVI KOPE,3897,710.0,Maritime,Agoè-Nyivé,Agoè-Nyivé 4,
727,commune,AGOE-NYIVE 5,125097,642.0,Maritime,Agoè-Nyivé,Agoè-Nyivé 5,
728,canton_ou_quartier,KOHE,12626,727.0,Maritime,Agoè-Nyivé,Agoè-Nyivé 5,
729,canton_ou_quartier,KLEME SANGUERA,6085,727.0,Maritime,Agoè-Nyivé,Agoè-Nyivé 5,
730,canton_ou_quartier,ATIGAN COPE,7627,727.0,Maritime,Agoè-Nyivé,Agoè-Nyivé 5,
731,canton_ou_quartier,DEKPO SANGUERA,3803,727.0,Maritime,Agoè-Nyivé,Agoè-Nyivé 5,
732,canton_ou_quartier,ANYIGBE,4799,727.0,Maritime,Agoè-Nyivé,Agoè-Nyivé 5,
733,canton_ou_quartier,VOGOME,5144,727.0,Maritime,Agoè-Nyivé,Agoè-Nyivé 5,
734,canton_ou_quartier,KOPEGAN,5346,727.0,Maritime,Agoè-Nyivé,Agoè-Nyivé 5,
735,canton_ou_quartier,AGBLELIKO,2736,727.0,Maritime,Agoè-Nyivé,Agoè-Nyivé 5,
736,canton_ou_quartier,AFIADEGNIGBA,4257,727.0,Maritime,Agoè-Nyivé,Agoè-Nyivé 5,
737,canton_ou_quartier,KLIKAME,5287,727.0,Maritime,Agoè-Nyivé,Agoè-Nyivé 5,
738,canton_ou_quartier,DANGBESSITO,8307,727.0,Maritime,Agoè-Nyivé,Agoè-Nyivé 5,
739,canton_ou_quartier,TAGA KOPE,5046,727.0,Maritime,Agoè-Nyivé,Agoè-Nyivé 5,
740,canton_ou_quartier,SANYRAKO,10285,727.0,Maritime,Agoè-Nyivé,Agoè-Nyivé 5,
741,canton_ou_quartier,EZION KOPE,2065,727.0,Maritime,Agoè-Nyivé,Agoè-Nyivé 5,
742,canton_ou_quartier,ZOPOMAHE,12497,727.0,Maritime,Agoè-Nyivé,Agoè-Nyivé 5,
743,canton_ou_quartier,NANEGBE,8238,727.0,Maritime,Agoè-Nyivé,Agoè-Nyivé 5,
744,canton_ou_quartier,NANEGBE ZOSSIME,7388,727.0,Maritime,Agoè-Nyivé,Agoè-Nyivé 5,
745,canton_ou_quartier,TSROKPOSSIME,6798,727.0,Maritime,Agoè-Nyivé,Agoè-Nyivé 5,
746,canton_ou_quartier,ASSIGOME,2500,727.0,Maritime,Agoè-Nyivé,Agoè-Nyivé 5,
747,canton_ou_quartier,LOGOGOME,4263,727.0,Maritime,Agoè-Nyivé,Agoè-Nyivé 5,
748,commune,AGOE-NYIVE 6,110194,642.0,Maritime,Agoè-Nyivé,Agoè-Nyivé 6,
749,canton_ou_quartier,ADETIKOPE-CENTRE,18033,748.0,Maritime,Agoè-Nyivé,Agoè-Nyivé 6,
750,canton_ou_quartier,AGNAVE,7312,748.0,Maritime,Agoè-Nyivé,Agoè-Nyivé 6,
751,canton_ou_quartier,DEVIME,10545,748.0,Maritime,Agoè-Nyivé,Agoè-Nyivé 6,
752,canton_ou_quartier,DZOVE,6202,748.0,Maritime,Agoè-Nyivé,Agoè-Nyivé 6,
753,canton_ou_quartier,ADOGLOVE,4303,748.0,Maritime,Agoè-Nyivé,Agoè-Nyivé 6,
754,canton_ou_quartier,LOMENYO KOPE,4195,748.0,Maritime,Agoè-Nyivé,Agoè-Nyivé 6,
755,canton_ou_quartier,KPOKPOME-AGUTE,27993,748.0,Maritime,Agoè-Nyivé,Agoè-Nyivé 6,
756,canton_ou_quartier,AGOTIME,3824,748.0,Maritime,Agoè-Nyivé,Agoè-Nyivé 6,
757,canton_ou_quartier,KLADJEME,8624,748.0,Maritime,Agoè-Nyivé,Agoè-Nyivé 6,
758,canton_ou_quartier,KPOTAVE,11064,748.0,Maritime,Agoè-Nyivé,Agoè-Nyivé 6,
759,canton_ou_quartier,TONOUKOUTI,4862,748.0,Maritime,Agoè-Nyivé,Agoè-Nyivé 6,
760,canton_ou_quartier,TSIKPLONOU-KONDJI,3237,748.0,Maritime,Agoè-Nyivé,Agoè-Nyivé 6,
