annee,valeur_pct,indicateur,source,observation
1960,0.0,Individuals using the Internet (% of population),"Banque mondiale — World Development Indicators (IT.NET.USER.ZS, donnée UIT)",
1961,,Individuals using the Internet (% of population),"Banque mondiale — World Development Indicators (IT.NET.USER.ZS, donnée UIT)",Valeur manquante dans la source
1962,,Individuals using the Internet (% of population),"Banque mondiale — World Development Indicators (IT.NET.USER.ZS, donnée UIT)",Valeur manquante dans la source
1963,,Individuals using the Internet (% of population),"Banque mondiale — World Development Indicators (IT.NET.USER.ZS, donnée UIT)",Valeur manquante dans la source
1964,,Individuals using the Internet (% of population),"Banque mondiale — World Development Indicators (IT.NET.USER.ZS, donnée UIT)",Valeur manquante dans la source
1965,0.0,Individuals using the Internet (% of population),"Banque mondiale — World Development Indicators (IT.NET.USER.ZS, donnée UIT)",
1966,,Individuals using the Internet (% of population),"Banque mondiale — World Development Indicators (IT.NET.USER.ZS, donnée UIT)",Valeur manquante dans la source
1967,,Individuals using the Internet (% of population),"Banque mondiale — World Development Indicators (IT.NET.USER.ZS, donnée UIT)",Valeur manquante dans la source
1968,,Individuals using the Internet (% of population),"Banque mondiale — World Development Indicators (IT.NET.USER.ZS, donnée UIT)",Valeur manquante dans la source
1969,,Individuals using the Internet (% of population),"Banque mondiale — World Development Indicators (IT.NET.USER.ZS, donnée UIT)",Valeur manquante dans la source
1970,0.0,Individuals using the Internet (% of population),"Banque mondiale — World Development Indicators (IT.NET.USER.ZS, donnée UIT)",
1971,,Individuals using the Internet (% of population),"Banque mondiale — World Development Indicators (IT.NET.USER.ZS, donnée UIT)",Valeur manquante dans la source
1972,,Individuals using the Internet (% of population),"Banque mondiale — World Development Indicators (IT.NET.USER.ZS, donnée UIT)",Valeur manquante dans la source
1973,,Individuals using the Internet (% of population),"Banque mondiale — World Development Indicators (IT.NET.USER.ZS, donnée UIT)",Valeur manquante dans la source
1974,,Individuals using the Internet (% of population),"Banque mondiale — World Development Indicators (IT.NET.USER.ZS, donnée UIT)",Valeur manquante dans la source
1975,0.0,Individuals using the Internet (% of population),"Banque mondiale — World Development Indicators (IT.NET.USER.ZS, donnée UIT)",
1976,0.0,Individuals using the Internet (% of population),"Banque mondiale — World Development Indicators (IT.NET.USER.ZS, donnée UIT)",
1977,0.0,Individuals using the Internet (% of population),"Banque mondiale — World Development Indicators (IT.NET.USER.ZS, donnée UIT)",
1978,0.0,Individuals using the Internet (% of population),"Banque mondiale — World Development Indicators (IT.NET.USER.ZS, donnée UIT)",
1979,0.0,Individuals using the Internet (% of population),"Banque mondiale — World Development Indicators (IT.NET.USER.ZS, donnée UIT)",
1980,0.0,Individuals using the Internet (% of population),"Banque mondiale — World Development Indicators (IT.NET.USER.ZS, donnée UIT)",
1981,0.0,Individuals using the Internet (% of population),"Banque mondiale — World Development Indicators (IT.NET.USER.ZS, donnée UIT)",
1982,0.0,Individuals using the Internet (% of population),"Banque mondiale — World Development Indicators (IT.NET.USER.ZS, donnée UIT)",
1983,0.0,Individuals using the Internet (% of population),"Banque mondiale — World Development Indicators (IT.NET.USER.ZS, donnée UIT)",
1984,0.0,Individuals using the Internet (% of population),"Banque mondiale — World Development Indicators (IT.NET.USER.ZS, donnée UIT)",
1985,0.0,Individuals using the Internet (% of population),"Banque mondiale — World Development Indicators (IT.NET.USER.ZS, donnée UIT)",
1986,0.0,Individuals using the Internet (% of population),"Banque mondiale — World Development Indicators (IT.NET.USER.ZS, donnée UIT)",
1987,0.0,Individuals using the Internet (% of population),"Banque mondiale — World Development Indicators (IT.NET.USER.ZS, donnée UIT)",
1988,0.0,Individuals using the Internet (% of population),"Banque mondiale — World Development Indicators (IT.NET.USER.ZS, donnée UIT)",
1989,0.0,Individuals using the Internet (% of population),"Banque mondiale — World Development Indicators (IT.NET.USER.ZS, donnée UIT)",
1990,0.0,Individuals using the Internet (% of population),"Banque mondiale — World Development Indicators (IT.NET.USER.ZS, donnée UIT)",
1991,0.0,Individuals using the Internet (% of population),"Banque mondiale — World Development Indicators (IT.NET.USER.ZS, donnée UIT)",
1992,0.0,Individuals using the Internet (% of population),"Banque mondiale — World Development Indicators (IT.NET.USER.ZS, donnée UIT)",
1993,0.0,Individuals using the Internet (% of population),"Banque mondiale — World Development Indicators (IT.NET.USER.ZS, donnée UIT)",
1994,0.0,Individuals using the Internet (% of population),"Banque mondiale — World Development Indicators (IT.NET.USER.ZS, donnée UIT)",
1995,0.0,Individuals using the Internet (% of population),"Banque mondiale — World Development Indicators (IT.NET.USER.ZS, donnée UIT)",
1996,0.010929139,Individuals using the Internet (% of population),"Banque mondiale — World Development Indicators (IT.NET.USER.ZS, donnée UIT)",
1997,0.211139465,Individuals using the Internet (% of population),"Banque mondiale — World Development Indicators (IT.NET.USER.ZS, donnée UIT)",
1998,0.305583935,Individuals using the Internet (% of population),"Banque mondiale — World Development Indicators (IT.NET.USER.ZS, donnée UIT)",
1999,0.590363264,Individuals using the Internet (% of population),"Banque mondiale — World Development Indicators (IT.NET.USER.ZS, donnée UIT)",
2000,0.8,Individuals using the Internet (% of population),"Banque mondiale — World Development Indicators (IT.NET.USER.ZS, donnée UIT)",
2001,0.9,Individuals using the Internet (% of population),"Banque mondiale — World Development Indicators (IT.NET.USER.ZS, donnée UIT)",
2002,1.0,Individuals using the Internet (% of population),"Banque mondiale — World Development Indicators (IT.NET.USER.ZS, donnée UIT)",
2003,1.2,Individuals using the Internet (% of population),"Banque mondiale — World Development Indicators (IT.NET.USER.ZS, donnée UIT)",
2004,1.5,Individuals using the Internet (% of population),"Banque mondiale — World Development Indicators (IT.NET.USER.ZS, donnée UIT)",
2005,1.8,Individuals using the Internet (% of population),"Banque mondiale — World Development Indicators (IT.NET.USER.ZS, donnée UIT)",
2006,2.0,Individuals using the Internet (% of population),"Banque mondiale — World Development Indicators (IT.NET.USER.ZS, donnée UIT)",
2007,2.2,Individuals using the Internet (% of population),"Banque mondiale — World Development Indicators (IT.NET.USER.ZS, donnée UIT)",
2008,2.4,Individuals using the Internet (% of population),"Banque mondiale — World Development Indicators (IT.NET.USER.ZS, donnée UIT)",
2009,2.6,Individuals using the Internet (% of population),"Banque mondiale — World Development Indicators (IT.NET.USER.ZS, donnée UIT)",
2010,3.0,Individuals using the Internet (% of population),"Banque mondiale — World Development Indicators (IT.NET.USER.ZS, donnée UIT)",
2011,3.5,Individuals using the Internet (% of population),"Banque mondiale — World Development Indicators (IT.NET.USER.ZS, donnée UIT)",
2012,4.0,Individuals using the Internet (% of population),"Banque mondiale — World Development Indicators (IT.NET.USER.ZS, donnée UIT)",
2013,4.5,Individuals using the Internet (% of population),"Banque mondiale — World Development Indicators (IT.NET.USER.ZS, donnée UIT)",
2014,5.7,Individuals using the Internet (% of population),"Banque mondiale — World Development Indicators (IT.NET.USER.ZS, donnée UIT)",
2015,7.12,Individuals using the Internet (% of population),"Banque mondiale — World Development Indicators (IT.NET.USER.ZS, donnée UIT)",
2016,11.31,Individuals using the Internet (% of population),"Banque mondiale — World Development Indicators (IT.NET.USER.ZS, donnée UIT)",
2017,12.3602,Individuals using the Internet (% of population),"Banque mondiale — World Development Indicators (IT.NET.USER.ZS, donnée UIT)",
2018,15.5,Individuals using the Internet (% of population),"Banque mondiale — World Development Indicators (IT.NET.USER.ZS, donnée UIT)",
2019,20.7273,Individuals using the Internet (% of population),"Banque mondiale — World Development Indicators (IT.NET.USER.ZS, donnée UIT)",
2020,29.0237,Individuals using the Internet (% of population),"Banque mondiale — World Development Indicators (IT.NET.USER.ZS, donnée UIT)",
2021,32.5051,Individuals using the Internet (% of population),"Banque mondiale — World Development Indicators (IT.NET.USER.ZS, donnée UIT)",
2022,37.6212,Individuals using the Internet (% of population),"Banque mondiale — World Development Indicators (IT.NET.USER.ZS, donnée UIT)",
2023,,Individuals using the Internet (% of population),"Banque mondiale — World Development Indicators (IT.NET.USER.ZS, donnée UIT)",Valeur manquante dans la source
